ID,Category code,Category,Task,Description,Why necessary,When,Prerequisites / dependencies,Typical owner,Deliverable / output,Evidence of completion,Client approval?,Classification,Complexity,Typical effort,Default points,Possible risks,Common mistakes,If skipped,In standard project?,Separate billable item?,Post-launch maintenance?
A-01,A,Lead Generation,Build prospect list,"List local businesses in a target niche/area with no site, an outdated site, or a site that fails mobile/speed checks; record name, contact, source, current URL",A pipeline of qualified leads is the only reliable source of projects,"Business-level, ongoing",Ideal client profile agreed,Sales,Prospect sheet rows,CRM/sheet export with dates,No,[RECOMMENDED],Low,1–3 h per 20 leads,2,Scraping personal data without basis; wasted time on poor-fit niches,Listing everyone instead of a niche; no source tracking,"Irregular, referral-only income",No,No — included in base price,No
A-02,A,Lead Generation,Prospect mini-audit,"Quick audit of prospect's site, Google Business Profile, socials: mobile view, speed, HTTPS, broken contact info; 3–5 concrete findings","Gives a specific, credible reason to talk",Pre-sales,A-01,Sales,1-page audit or screenshot set,Audit doc/screenshots linked to lead,No,[OPTIONAL],Low,0.5–1 h,1,Over-investing in leads that never reply,Generic audits; insulting tone,"Weak, generic pitch",No,No — included in base price,No
A-03,A,Lead Generation,Log lead with source and status,"Create lead record: business, contact person, phone/email, source, date, next action, status",Lead source data shows which channels pay off; prevents double contact,Pre-sales,None,Either,Lead record,CRM/app entry with timestamp,No,[MUST HAVE],Low,5–10 min,1,Lost follow-ups,Keeping leads only in personal WhatsApp,Partners contact same lead twice; lost revenue,Yes,No — included in base price,No
A-04,A,Lead Generation,Referral and partner outreach,"Ask past clients, CAs, printers, photographers, marketers for referrals; track referrer",Referrals convert better and cost less,"Business-level, ongoing",At least one delivered project,Sales,Referral log,Messages/call notes,No,[RECOMMENDED],Low,1–2 h/month,2,Promising referral fees without records,No referral tracking,Slower growth,No,No — included in base price,No
B-01,B,Client Outreach,Write personalised outreach message,Draft first message referencing audit findings and a clear next step (15-min call),"Personalised, specific outreach gets replies; generic spam damages reputation",Pre-sales,"A-02, A-03",Sales,Message draft,Sent message copy/screenshot,No,[RECOMMENDED],Low,15–30 min,1,Spam complaints; WhatsApp account restriction for bulk messaging,Copy-paste bulk messages; no call to action,Low reply rate,No,No — included in base price,No
B-02,B,Client Outreach,First contact and log outcome,"Call/visit/message; record date, channel, who, outcome, next step",Creates the audit trail for who sourced the client,Pre-sales,B-01,Sales,Contact log entry,Call log/meeting note,No,[MUST HAVE],Low,10–30 min,1,Disputes between partners about who brought the client,Not logging verbal conversations,Unclear lead credit; forgotten promises,Yes,No — included in base price,No
B-03,B,Client Outreach,Follow-up sequence,"Up to 2–3 spaced follow-ups with added value (example, audit point); stop after no response",Most deals need follow-up; a cap prevents harassment,Pre-sales,B-02,Sales,Follow-up entries,Message copies with dates,No,[RECOMMENDED],Low,10 min each,1,Annoying prospects,Endless follow-ups; no stop rule,Lost warm leads,No,No — included in base price,No
B-04,B,Client Outreach,Share portfolio and case studies,"Send 2–3 relevant samples with outcome, scope and price band",Proof reduces perceived risk,Pre-sales,B-02,Sales,Portfolio link/PDF,Sent link record,No,[RECOMMENDED],Low,15–30 min,1,Showing client work without permission,Showing unrelated work; outdated links,Harder to close,No,No — included in base price,No
C-01,C,Sales,Qualification call,"15–30 min call covering need, decision-maker, budget range, timeline, existing assets",Filters out bad-fit and non-paying clients early,Pre-sales,B-02,Sales,Qualification notes,Call note in app,No,[MUST HAVE],Low,0.5–1 h,1,Talking to someone without authority,Skipping budget question; promising features on call,Wasted discovery and proposal time,Yes,No — included in base price,No
C-02,C,Sales,Go/no-go decision,"Decide proceed or decline using checklist: budget fit, timeline realism, legal business, red flags; record reason",Protects capacity and cashflow,Pre-sales,C-01,Either,Decision record,Decision entry with reason,No,[RECOMMENDED],Low,10–20 min,1,"Taking every project, including toxic ones",No written reason,Scope/payment disputes later,Yes,No — included in base price,No
C-03,C,Sales,Sales meeting or demo,"Present approach, process, timeline, samples; explain payment terms and ownership model upfront",Sets expectations before numbers are discussed,Pre-sales,C-02,Sales,Meeting notes,Meeting record + attendee list,No,[RECOMMENDED],Medium,1–2 h incl. prep,2,Over-promising,Not explaining client responsibilities,Mismatched expectations,Yes,No — included in base price,No
C-04,C,Sales,Pricing negotiation,"Negotiate by adjusting scope, not just price; record every concession in writing",Discounts without scope change erode margin,Pre-sales,G-03,Sales,"Negotiation notes, revised proposal","Email/notes, version history",Yes,[RECOMMENDED],Medium,0.5–2 h,2,Verbal concessions later disputed,Cutting price but keeping scope,Unprofitable project,Cond,No — included in base price,No
C-05,C,Sales,Client risk check,"Check GSTIN (if B2B), business legitimacy, prohibited content/activities, previous vendor disputes",Avoid illegal sites and non-payers,Pre-sales,C-01,Either,Risk checklist,Checklist entry,No,[RECOMMENDED],Low,15–30 min,1,Building sites for unlawful businesses,Ignoring red flags due to urgency,"Legal exposure, non-payment",Yes,No — included in base price,No
D-01,D,Discovery,Send discovery questionnaire,Send structured questionnaire (see Part 5) via form/doc with deadline,Collects facts before the call; reduces call time,Discovery,C-02,PM,Completed questionnaire,Response file/link,No,[MUST HAVE],Low,15 min to send,1,Client ignores it,Too long; no deadline,Missing requirements discovered mid-build,Yes,No — included in base price,No
D-02,D,Discovery,Discovery meeting,"60–90 min structured meeting walking through goals, pages, features, content, accounts, timeline, budget",Primary source of requirements,Discovery,D-01,PM,"Raw notes, recording (with consent)","Meeting record, attendees",No,[MUST HAVE],Medium,1.5–3 h incl. prep,3,Recording without consent; missing decision-maker,Letting client design the solution on the call,Wrong scope and estimate,Yes,No — included in base price,No
D-03,D,Discovery,Discovery summary to client,"Send written summary of what was understood, open questions, and next steps within 24–48 h",Creates written record client can correct,Discovery,D-02,PM,Summary email/doc,Sent email,Yes,[MUST HAVE],Low,0.5–1 h,1,Misunderstandings persisting,Not asking client to confirm,Disputes over what was said,Yes,No — included in base price,No
D-04,D,Discovery,Identify decision-maker and single point of contact,"Record who approves design, content, payments; one SPOC for feedback",Prevents conflicting feedback from multiple people,Discovery,D-02,PM,Stakeholder list,Entry in project record,Yes,[MUST HAVE],Low,10–15 min,1,Late veto by an unseen owner,Accepting feedback from anyone,Endless revision loops,Yes,No — included in base price,No
D-05,D,Discovery,Existing assets and accounts audit,"Identify current domain registrar and registrant, hosting, email provider, DNS host, analytics, GBP, socials, and who holds logins",Ownership problems block launch; must be found early,Discovery,D-02,PM,Asset & account register (draft),Register doc,No,[MUST HAVE],Medium,1–2 h,2,Domain registered in a former vendor's name,Assuming client controls their domain,"Launch blocked, emergency transfers",Yes,No — included in base price,No
E-01,E,Requirements Gathering,Define goals and success metrics,"Agree 2–4 measurable goals (e.g., enquiries/month, calls, bookings) and how they will be measured",Guides design priorities and later proves value,Requirements,D-03,PM,Goals section in brief,Approved brief,Yes,[RECOMMENDED],Low,0.5–1 h,1,Vague goals lead to subjective acceptance,"Promising outcomes (rankings, sales)",No objective measure of success,Yes,No — included in base price,No
E-02,E,Requirements Gathering,Draft sitemap and page list,List every page with purpose and priority; mark template vs unique pages,Page count drives price and timeline,Requirements,D-03,PM,Sitemap,Sitemap file/diagram,Yes,[MUST HAVE],Low,1–2 h,2,Page creep,Not distinguishing templated vs unique pages,Unbounded scope,Yes,No — included in base price,No
E-03,E,Requirements Gathering,Feature list with priorities,"List features (forms, booking, blog, gallery, payments, languages) marked Must/Should/Could/Won't",Separates core scope from optional add-ons,Requirements,D-03,PM,Feature list,Requirements doc,Yes,[MUST HAVE],Medium,1–2 h,2,Hidden complex features,Writing features without acceptance criteria,Estimation errors,Yes,No — included in base price,No
E-04,E,Requirements Gathering,Content responsibility matrix,"For every page/section: who writes text, supplies images, approves, and by when",Content delays are the most common cause of late projects,Requirements,E-02,PM,Content matrix,Matrix doc,Yes,[MUST HAVE],Low,0.5–1 h,1,Developer silently becomes copywriter,Assuming client will write,Project stalls waiting for content,Yes,No — included in base price,No
E-05,E,Requirements Gathering,Integration and third-party inventory,"List every external service (maps, payments, booking, CRM, email), who creates the account, costs, and API limits",Third-party accounts must be in client's name and ready before build,Requirements,E-03,PM,Integration register,Register doc,Yes,[MUST HAVE],Medium,1–2 h,2,Paid services on developer card,Creating accounts in developer's name,"Ownership disputes, surprise costs",Yes,No — included in base price,No
E-06,E,Requirements Gathering,Non-functional requirements,"Agree supported browsers/devices, accessibility target, performance targets, languages, hosting region, uptime expectations",These drive testing effort and cost,Requirements,E-03,PM,NFR section,Requirements doc,Yes,[MUST HAVE],Medium,0.5–1 h,1,Client assumes IE-era or all devices,Leaving targets unstated,Endless 'it looks wrong on my phone' disputes,Yes,No — included in base price,No
E-07,E,Requirements Gathering,Requirements sign-off,Client confirms requirements document in writing (e-sign or email 'approved'),Baseline for all later change requests,Requirements,E-01..E-06,PM,Signed requirements,Signed doc/email,Yes,[MUST HAVE],Low,15–30 min,1,Client later claims features were 'obvious',Oral approval only,No baseline for scope control,Yes,No — included in base price,No
F-01,F,Scope Definition,Write inclusions list,"Enumerate exactly what is delivered: pages, templates, features, integrations, content work, rounds, training, warranty days",Clear inclusions prevent 'I thought that was included',Scope,E-07,PM,Scope inclusions,Scope doc,Yes,[MUST HAVE],Medium,1–2 h,2,Ambiguous words like 'basic SEO',Using vague nouns,Scope creep,Yes,No — included in base price,No
F-02,F,Scope Definition,Write exclusions and assumptions,"List what is NOT included (copywriting, logo, photos, paid ads, content entry beyond X pages, third-party fees) and assumptions (content supplied by date, one SPOC)",Exclusions carry as much weight as inclusions,Scope,F-01,PM,Exclusions/assumptions list,Scope doc,Yes,[MUST HAVE],Low,0.5–1 h,1,Unpriced work demanded later,Forgetting third-party fees and renewals,Unpaid extra work,Yes,No — included in base price,No
F-03,F,Scope Definition,Define revision rounds,"Specify number of rounds per stage, what a round is (one consolidated list), and what counts as a change request",Unlimited revisions are the top profit killer,Scope,F-01,PM,Revision policy,Scope doc,Yes,[MUST HAVE],Low,15–30 min,1,Piecemeal feedback treated as one round,Saying 'unlimited revisions',Endless loops,Yes,No — included in base price,No
F-04,F,Scope Definition,Define client responsibilities and feedback SLAs,"Client duties: content, approvals within N working days, account creation, payments; effect of delay on timeline","Client delays must shift deadlines, not your margins",Scope,F-01,PM,Responsibilities section,Scope doc,Yes,[MUST HAVE],Low,15–30 min,1,Blame for client-caused delay,No consequence stated for delay,Timeline disputes,Yes,No — included in base price,No
F-05,F,Scope Definition,Define milestones and acceptance criteria,"Milestones (design, build, UAT, launch) with measurable acceptance tests and deemed-acceptance rule",Links payments to objective checkpoints,Scope,F-01,PM,Milestone table,Scope doc,Yes,[MUST HAVE],Medium,0.5–1 h,1,Subjective 'not happy' rejections,Acceptance with no time limit,Payments stuck indefinitely,Yes,No — included in base price,No
G-01,G,Proposal/Quotation,Bottom-up effort estimate,"Estimate each task from the task library with low/high range, add risk buffer (10–25%)",Pricing from effort beats guessing,Proposal,F-01..F-05,PM,Estimate sheet,Sheet with version,No,[MUST HAVE],Medium,1–3 h,3,Under-pricing,"Forgetting QA, PM, communication time",Loss-making project,Yes,No — included in base price,No
G-02,G,Proposal/Quotation,Price calculation,"Convert effort to price; add third-party costs (pass-through or client-paid), GST if registered, contingency; set payment split",Makes margin and taxes explicit,Proposal,G-01,PM,Pricing sheet,Sheet,No,[MUST HAVE],Medium,0.5–1 h,1,GST omitted from quoted price,Quoting inclusive/exclusive of GST ambiguously,Margin loss or tax dispute,Yes,No — included in base price,No
G-03,G,Proposal/Quotation,Prepare proposal,"Proposal with problem, solution, scope summary, timeline, price, payment schedule, ownership model, validity date",Sells and sets expectations,Proposal,G-02,PM,Proposal PDF/doc,Versioned file,Yes,[MUST HAVE],Medium,2–4 h,4,Proposal contradicts scope doc,No validity date; no exclusions,"Disputes, stale prices",Yes,No — included in base price,No
G-04,G,Proposal/Quotation,Formal quotation,"Itemised quotation with GSTIN/SAC and tax lines if registered, validity, terms reference",Some clients need a formal quote for internal approval/accounting,Proposal,G-02,PM,Quotation,Quote number and file,Yes,[RECOMMENDED],Low,0.5 h,1,Tax details wrong,Mixing quote and invoice,Client accounting rejects it,Yes,No — included in base price,No
G-05,G,Proposal/Quotation,Proposal walkthrough,Walk client through proposal; answer questions; log objections,"Increases close rate, surfaces misunderstandings",Proposal,G-03,Sales,Call notes,Meeting record,No,[RECOMMENDED],Low,0.5–1 h,1,Unrecorded promises,Adding scope verbally,Disputes,Yes,No — included in base price,No
G-06,G,Proposal/Quotation,Revise proposal,Update scope/price after negotiation; increment version; mark superseded,Only one current version should exist,Proposal,C-04,PM,Proposal v2+,Version history,Yes,[CONDITIONAL],Low,0.5–2 h,1,Client signs outdated version,Editing without version numbers,Contract mismatch,Cond,No — included in base price,No
H-01,H,Contract/Agreement,Adapt contract template,Start from lawyer-reviewed master services agreement; select project schedule; do not edit core clauses ad hoc,"Consistent, reviewed terms reduce legal risk",Contract,G-03 accepted,PM,Draft contract,Draft file,No,[MUST HAVE],Medium,1–2 h,2,Using internet templates with foreign law,Changing clauses per client without review,Unenforceable or conflicting terms,Yes,No — included in base price,No
H-02,H,Contract/Agreement,Fill statement of work schedule,"Attach scope, milestones, payment schedule, revision policy, timeline, client duties as a schedule to the contract",Keeps legal terms stable and project details specific,Contract,"H-01, F-01..F-05",PM,SOW schedule,Contract annex,Yes,[MUST HAVE],Low,0.5–1 h,1,Scope doc and contract disagree,Referring to 'as discussed',Ambiguous obligations,Yes,No — included in base price,No
H-03,H,Contract/Agreement,"IP, ownership and licence check","Confirm clause: what is assigned (in writing, with duration/territory), what is licensed (pre-existing code, libraries, templates), third-party licences, portfolio rights",Indian copyright assignment has statutory formalities; silence creates default rules,Contract,H-01,PM,IP clause checklist,Checklist entry,Yes,[MUST HAVE],Medium,0.5–1 h,1,Client assumes payment = ownership of everything incl. your reusable code,Assigning your reusable framework,Ownership dispute,Yes,No — included in base price,No
H-04,H,Contract/Agreement,Confidentiality and data-processing terms,"Add confidentiality; if you will access/process personal data (form leads, customers), add processor-style terms: purpose, security, deletion, breach notice",DPDP Act expects fiduciaries to use processors under a valid contract,Contract,H-01,PM,Data terms,Contract clause,Yes,[CONDITIONAL],Medium,0.5–1 h,1,Handling client customer data without terms,Copy-pasting GDPR clauses,Liability exposure,Cond,No — included in base price,No
H-05,H,Contract/Agreement,Execute contract,"Both parties sign (e-sign/wet); store final PDF; record date, version, signatories and authority",A signed contract is the core evidence in any dispute,Contract,H-02..H-04,PM,Signed contract,Signed PDF + audit trail,Yes,[MUST HAVE],Low,15–30 min,1,Unsigned or wrong version,Starting work before signature,Weak enforceability,Yes,No — included in base price,No
H-06,H,Contract/Agreement,Stamp duty check,Check applicable state stamp duty for the agreement type/value; pay via e-stamp if required,Unstamped instruments can be inadmissible in evidence until duty and penalty are paid,Contract,H-05,PM,E-stamp certificate (if applicable),Certificate file,No,[CONDITIONAL],Low,15–60 min,1,Evidence problems in court/arbitration,Assuming email contracts never need stamping,Delay and penalty when enforcing,Cond,No — included in base price,No
I-01,I,Payment/Invoice,Raise advance invoice,"Issue invoice for advance (e.g., 30–50%) with correct GST details if registered",Advance funds work and filters non-serious clients,Payment,H-05,PM,Advance invoice,Invoice number/file,No,[MUST HAVE],Low,15–30 min,1,Starting without advance,Invoice without GSTIN/SAC when registered,"Cash risk, tax non-compliance",Yes,No — included in base price,No
I-02,I,Payment/Invoice,Confirm advance receipt,Match bank credit to invoice; issue receipt/acknowledgement; record TDS if deducted,Work starts only on confirmed funds,Payment,I-01,PM,Receipt,"Bank reference, receipt file",No,[MUST HAVE],Low,10–15 min,1,Fake payment screenshots,Trusting screenshots instead of bank credit,Unpaid work,Yes,No — included in base price,No
I-03,I,Payment/Invoice,Milestone invoices,Invoice each milestone on acceptance or deemed acceptance,Keeps cashflow aligned with delivery,Payment,F-05,PM,Milestone invoices,Invoice files,No,[MUST HAVE],Low,15 min each,1,Invoicing late,Waiting for 'final' before any invoice,Cashflow gaps,Yes,No — included in base price,No
I-04,I,Payment/Invoice,TDS tracking and reconciliation,"Record TDS deducted by client, check it appears in Form 26AS/AIS, request TDS certificate",You can only claim credit for TDS that is deposited and reported,Payment,I-02,PM,TDS register,Register + certificates,No,[CONDITIONAL],Low,15 min/invoice,1,TDS deducted but not deposited,Not reconciling quarterly,Lost tax credit,Cond,No — included in base price,No
I-05,I,Payment/Invoice,Payment follow-up,"Polite reminders at due date, +7, +14 days; escalate per contract; log each",Late payment is common; a process removes awkwardness,Payment,I-03,PM,Follow-up log,Messages/emails,No,[MUST HAVE],Low,10–20 min each,1,Relationship damage,Continuing work while overdue,Growing unpaid balance,Yes,No — included in base price,No
I-06,I,Payment/Invoice,Record project expenses,"Record every third-party purchase (theme, plugin, stock image, domain) with bill, payer, reimbursable flag",Expenses affect profit split and client billing,Payment,None,Either,Expense entries,Bills/receipts,No,[MUST HAVE],Low,5 min each,1,Partner paid personally without record,Losing bills,Unfair split; tax deduction loss,Yes,Conditional — depends on scope,No
J-01,J,Project Setup,Create project record and folder structure,"Create project in tracking app and shared drive with standard folders (01-Contract, 02-Brief, 03-Content, 04-Design, 05-Dev, 06-QA, 07-Launch, 08-Handover, 09-Finance)",Standard structure makes evidence findable and handover easy,Kickoff,"H-05, I-02",PM,"Project record, folders","Folder link, app record",No,[MUST HAVE],Low,15–30 min,1,Files scattered across chats,Personal drives for client files,"Lost evidence, messy handover",Yes,No — included in base price,No
J-02,J,Project Setup,Create task board and milestones,"Import default tasks from library, delete irrelevant ones, set owners, due dates, milestones",Visible plan avoids forgotten work and supports contribution tracking,Kickoff,J-01,PM,Task board,Board snapshot,No,[MUST HAVE],Low,0.5–1 h,1,Plan drifts from contract,Not removing irrelevant tasks,Missed deliverables,Yes,No — included in base price,No
J-03,J,Project Setup,Set up client communication channel and rules,"Choose official channels (email for decisions, WhatsApp group for quick coordination), response times, working hours, SPOC",Decisions buried in chats cause disputes,Kickoff,J-01,PM,Communication plan,Kickoff note,Yes,[MUST HAVE],Low,15–30 min,1,Late-night demands,Taking approvals over voice calls only,Lost decisions,Yes,No — included in base price,No
J-04,J,Project Setup,Create repository,"Create repo (ideally in a business-owned organization or client-owned org), branch protection, README stub, .gitignore excluding secrets",Version control is evidence and safety net,Kickoff,J-01,FE/BE,Repository,"Repo URL, first commit",No,[MUST HAVE],Low,15–30 min,1,Repo in personal account hard to transfer,Committing .env files,Leaked secrets; messy transfer,Yes,No — included in base price,No
J-05,J,Project Setup,Set up dev and staging environments,"Local dev setup, password-protected or noindex staging URL for client review",Client reviews must not be indexed or public,Kickoff,J-04,DevOps,Staging URL,URL + access note,No,[MUST HAVE],Medium,1–3 h,3,Staging indexed by Google; client data on public staging,No auth on staging,"Duplicate content, leaked unfinished site",Yes,No — included in base price,No
J-06,J,Project Setup,Project credential vault,Create shared vault (password manager) for project credentials with item naming convention,Credentials must never live in chats or docs,Kickoff,J-01,PM,Vault folder,Vault entry list (names only),No,[MUST HAVE],Low,15–30 min,1,Credentials in WhatsApp,Sharing master passwords,Account compromise,Yes,No — included in base price,No
J-07,J,Project Setup,Kickoff meeting,"Walk through plan, timeline, responsibilities, content deadlines, communication rules, next steps; send notes",Aligns everyone at the start,Kickoff,"J-02, J-03",PM,Kickoff notes,Meeting record + sent notes,No,[MUST HAVE],Low,1–1.5 h incl. notes,2,Unclear first steps,No written follow-up,Misaligned expectations,Yes,No — included in base price,No
J-08,J,Project Setup,Internal task assignment and point pre-estimate,Partners agree owners and default points for each task before work starts; lock the plan,Pre-agreement is the strongest defence against later point disputes,Kickoff,J-02,Either (both confirm),Locked task plan,App lock record with both confirmations,No,[MUST HAVE],Low,0.5–1 h,1,Points assigned after the fact,One partner assigning all points,Split disputes,Yes,No — included in base price,No
K-01,K,Client Communication,Weekly progress update,"Short written update: done, next, blockers, decisions needed, client actions pending",Keeps client informed and documents delays,Throughout,J-07,PM,Update message,Sent email/message,No,[RECOMMENDED],Low,15–30 min/week,1,Silence breeds anxiety,Only updating when asked,Trust erosion; delay disputes,Yes,No — included in base price,No
K-02,K,Client Communication,Meeting scheduling and agenda,"Send invite with agenda, goal, attendees, materials",Focused meetings are shorter,Throughout,None,PM,Invite + agenda,Calendar invite,No,[RECOMMENDED],Low,10 min,1,Unprepared meetings,No agenda,Wasted time,Yes,No — included in base price,No
K-03,K,Client Communication,Meeting notes and action items,"Notes within 24 h: decisions, actions with owner and due date, open questions; client asked to correct",Written record of what was decided,Throughout,Any meeting,PM,Notes,Sent notes,No,[MUST HAVE],Low,15–30 min,1,Disputed recollection,Notes not shared with client,'We never agreed to that',Yes,No — included in base price,No
K-04,K,Client Communication,Decision log,"Maintain log of decisions: date, decision, who approved, source link",Single source of truth for scope decisions,Throughout,J-01,PM,Decision log,Log entries,No,[RECOMMENDED],Low,5 min/entry,1,Contradictory decisions,Decisions only in chat,Rework,Yes,No — included in base price,No
K-05,K,Client Communication,Escalation handling,"Handle serious issues (delays, payment, conflict) by call plus written summary with options",Structured escalation prevents disputes growing,As needed,None,PM,Escalation note,Note + client response,Optional,[CONDITIONAL],Medium,1–3 h,2,Emotional reactions,Arguing on WhatsApp,Relationship breakdown,Cond,No — included in base price,No
L-01,L,Research,Industry and business research,"Understand client's services, customer questions, regulatory/professional display norms to confirm with client",Informs structure and copy,Research,D-03,Content/PM,Research notes,Notes doc with URLs,No,[RECOMMENDED],Low,1–3 h,2,Wrong assumptions,Skipping for 'simple' sites,Generic site,Yes,No — included in base price,No
L-02,L,Research,Audience and user needs,"Define 2–3 audience types, their key questions, devices, languages",Drives content hierarchy and CTAs,Research,D-03,Design/Content,Audience notes,Doc,No,[RECOMMENDED],Low,1–2 h,2,Designing for the client's taste only,Skipping mobile-first reality,Poor conversion,Yes,No — included in base price,No
L-03,L,Research,Keyword and local search research,"Find search terms (service + locality), questions, and competitor terms; map to pages",Basis for on-page SEO,Research,E-02,Content,Keyword map,Sheet,No,[RECOMMENDED],Medium,2–4 h,4,Promising rankings,Targeting impossible terms,Weak organic visibility,Cond,Conditional — depends on scope,No
L-04,L,Research,Technical approach decision record,"Decide stack (static, CMS, framework, hosting) with reasons: client skills, budget, maintenance, hosting costs",Wrong stack creates maintenance burden,Research,"E-03, E-06",FE/BE,Decision record,ADR doc,No,[MUST HAVE],Medium,1–2 h,2,Choosing trendy tools client can't maintain,Deciding by habit,High long-term cost,Yes,No — included in base price,No
L-05,L,Research,Legal content needs check,"List legal pages/disclosures the client must provide (privacy notice, terms, refund policy for e-commerce, grievance contact) and flag for client's lawyer",Legal text is the client's responsibility but must be planned,Research,E-03,PM,Legal content list,Doc,Yes,[MUST HAVE],Low,0.5–1 h,1,Developer drafting legal text as advice,Copying another site's privacy policy,Non-compliant site,Yes,No — included in base price,No
M-01,M,Competitor Research,Identify competitors,Choose 3–5 direct/local competitors and 1–2 aspirational ones with client,Benchmarks expectations,Research,D-02,Content/Design,Competitor list,Doc,No,[RECOMMENDED],Low,0.5–1 h,1,Copying competitors,Only picking big brands,Weak positioning,Yes,No — included in base price,No
M-02,M,Competitor Research,Competitor site analysis,"Review structure, messaging, CTAs, trust signals, pricing display, mobile experience; screenshots",Finds gaps and opportunities,Research,M-01,Design/Content,Analysis doc,Doc + screenshots,No,[RECOMMENDED],Medium,2–3 h,3,Copyright issues if copying copy/assets,Copying rather than learning,Me-too website,Yes,No — included in base price,No
M-03,M,Competitor Research,Competitor SEO snapshot,"Note titles, key pages, GBP presence, reviews volume",Sets realistic SEO goals,Research,M-01,Content,Snapshot,Sheet,No,[OPTIONAL],Low,1–2 h,2,Tool costs,Over-analysis,Unrealistic SEO promises,No,Conditional — depends on scope,No
N-01,N,Brand Assets,Collect brand assets,"Obtain logo (vector SVG/AI/PDF), colours, fonts, brand guide, photo library",Needed before design,Content,J-07,Design,Asset folder,Folder listing,No,[MUST HAVE],Low,0.5–1 h,1,Low-res logos,Working from screenshots of logo,"Blurry, off-brand site",Yes,No — included in base price,No
N-02,N,Brand Assets,Verify brand asset rights,"Confirm client owns logo, has licences for fonts/photos they supply; record licence files",You may be publishing infringing material,Content,N-01,PM,Rights checklist,Licence files,Yes,[MUST HAVE],Low,0.5–1 h,1,Font licences not covering web use,Assuming Google-found images are free,Infringement claims,Yes,No — included in base price,No
N-03,N,Brand Assets,Basic brand guide creation,"Define palette, type pairing, logo usage if client has none",Consistency across site,Design,N-01,Design,Mini brand guide,File,Yes,[CONDITIONAL],Medium,3–8 h,7,Scope creep into branding,Doing it free,Unpaid work,Cond,Yes — separate line item,No
N-04,N,Brand Assets,Logo design,"Logo concepts, refinement, final files and copyright assignment",Logo is a separate creative deliverable,Design,N-01,Design,Logo files,Files + approval,Yes,[CONDITIONAL],High,8–20 h,20,Trademark conflicts,Bundling free logos,Unpaid work; TM disputes,Cond,Yes — separate line item,No
O-01,O,Content Collection,Send content checklist with deadlines,"Per page list of required text, images, videos, documents with due dates and format specs",Makes client obligations concrete,Content,E-04,PM,Content checklist,Sent checklist,No,[MUST HAVE],Low,0.5–1 h,1,Deadline slippage,No format/size guidance,Content delays,Yes,No — included in base price,No
O-02,O,Content Collection,Collect content in shared folder,Receive files in organised folder; reject WhatsApp-compressed images where quality matters,Central source for build,Content,O-01,PM,Content folder,Folder listing,No,[MUST HAVE],Low,1–2 h over project,2,Wrong/old versions used,Collecting via chat,Rework,Yes,No — included in base price,No
O-03,O,Content Collection,Track content status,Mark each page item: pending/received/edited/approved,Visibility of blockers,Content,O-02,PM,Content tracker,Tracker,No,[RECOMMENDED],Low,10 min/week,1,Invisible blockers,No tracker,Last-minute scramble,Yes,No — included in base price,No
O-04,O,Content Collection,Image rights and consent check,Confirm source/licence for each image; photos of identifiable people/customers have consent; stock licence saved,Publishing unlicensed or non-consented images creates liability,Content,O-02,Content,Media rights register,Register + licence files,Yes,[MUST HAVE],Low,0.5–2 h,1,Copyright notices from stock agencies,Using search-engine images,"Takedowns, claims",Yes,No — included in base price,No
O-05,O,Content Collection,Process and optimise media,"Crop, resize, compress, convert (WebP/AVIF), rename descriptively, write alt text drafts",Performance and accessibility,Content,O-04,FE/Content,Optimised media set,Folder + size report,No,[MUST HAVE],Low,1–4 h,3,Quality loss,Uploading 5 MB photos,Slow site,Yes,No — included in base price,Yes
O-06,O,Content Collection,Chase missing content and record delays,Remind client per plan; log delay days; notify timeline impact in writing,Documents client-caused delays,Content,O-03,PM,Delay log,Messages + log,No,[MUST HAVE],Low,10–20 min each,1,Blame for late launch,Silently waiting,Disputes over deadlines,Yes,No — included in base price,No
P-01,P,Copywriting,Homepage copywriting,"Write headline, value proposition, sections, CTAs based on research",Homepage drives first impression and conversion,Content,"L-01, L-02",Content,Homepage copy,Doc with version,Yes,[CONDITIONAL],Medium,3–6 h,6,Client rewrites everything,Writing before strategy,Weak messaging,Cond,Yes — separate line item,No
P-02,P,Copywriting,Inner page copywriting,Write service/about/contact/FAQ copy,Complete content,Content,P-01,Content,Page copy,Doc,Yes,[CONDITIONAL],Medium,1–3 h/page,3,Unbounded page count,Pricing per project not per page,Unpaid copy work,Cond,Yes — separate line item,No
P-03,P,Copywriting,SEO copy optimisation,"Integrate target keywords naturally in headings, intro, titles; avoid stuffing",Improves relevance,Content,"L-03, P-01",Content,Optimised copy,Doc diff,No,[RECOMMENDED],Low,0.5–1 h/page,1,Keyword stuffing,Ignoring readability,Lower rankings,Cond,Conditional — depends on scope,No
P-04,P,Copywriting,UI microcopy,"Button labels, form hints, error messages, success messages, empty states",Clarity and accessibility,Content,S-02,Content/Design,Microcopy list,Doc,No,[RECOMMENDED],Low,1–2 h,2,Confusing errors,Leaving 'Submit' and 'Error',Poor usability,Yes,No — included in base price,No
P-05,P,Copywriting,Proofread and content approval,Proofread all copy; client approves final text in writing,Client is responsible for factual accuracy of their content,Content,P-01..P-04 or O-02,Content/PM,Approved copy,Approval email/sign-off,Yes,[MUST HAVE],Low,1–2 h,2,Typos at launch; wrong prices/claims,No sign-off on factual content,Liability for wrong info,Yes,No — included in base price,No
P-06,P,Copywriting,Translation,Translate content to additional language(s) by qualified translator; client review,Multilingual audiences,Content,P-05,Content,Translated copy,Files + approval,Yes,[CONDITIONAL],Medium,Varies by words,5,Machine-translation errors,No native review,Embarrassing errors,Cond,Yes — separate line item,No
Q-01,Q,UX,Key user flows,"Map flows for primary tasks (call, enquire, book, buy) from entry to success",Ensures site serves goals,Design,"E-01, L-02",Design,Flow diagrams,Diagram file,No,[RECOMMENDED],Medium,1–3 h,2,Designing pages without purpose,Skipping mobile flow,Low conversion,Yes,No — included in base price,No
Q-02,Q,UX,Information architecture and navigation,"Define navigation labels, hierarchy, footer links, URL structure",Findability,Design,E-02,Design,IA/navigation spec,Doc/diagram,Yes,[MUST HAVE],Medium,1–2 h,2,Too many menu items,Internal jargon labels,Confusing site,Yes,No — included in base price,No
Q-03,Q,UX,Page content hierarchy,For each template define section order and priority,Basis for wireframes,Design,Q-02,Design,Content outlines,Doc,No,[RECOMMENDED],Low,1–2 h,2,Rework in wireframes,Starting visuals first,Weak structure,Yes,No — included in base price,No
Q-04,Q,UX,Conversion points and CTAs plan,"Place calls, WhatsApp, forms, booking CTAs; define tracking events",Links design to goals,Design,Q-01,Design/PM,CTA plan,Doc,No,[RECOMMENDED],Low,0.5–1 h,1,Too many CTAs,No tracking plan,Can't measure results,Yes,No — included in base price,No
R-01,R,Wireframes,Low-fidelity wireframes,"Grey-box wireframes, mobile-first, for each unique template",Cheap to change; locks structure before visuals,Design,Q-03,Design,Wireframes,Figma/file link,No,[RECOMMENDED],Medium,2–6 h,5,Client sees as final design,Adding colour too early,Expensive visual rework,Yes,No — included in base price,No
R-02,R,Wireframes,Wireframe review with client,Walkthrough; collect consolidated feedback,Early alignment,Design,R-01,Design/PM,Feedback list,Meeting notes,Yes,[RECOMMENDED],Low,0.5–1 h,1,Scope expansion,Accepting new pages as 'tweaks',Scope creep,Yes,No — included in base price,No
R-03,R,Wireframes,Wireframe revisions,Apply one consolidated round; record approval,Stable structure,Design,R-02,Design,Revised wireframes,Version link + approval,Yes,[RECOMMENDED],Low,1–3 h,2,Endless rounds,Untracked changes,Delay,Yes,No — included in base price,No
S-01,S,UI Design,Moodboard and style direction,"1–2 visual directions (colour, type, imagery, UI style)",Agrees look before detailed design,Design,N-01,Design,Moodboard,Figma/file link,Yes,[RECOMMENDED],Low,1–3 h,2,Too many options,Offering 5 directions,Decision paralysis,Yes,No — included in base price,No
S-02,S,UI Design,Homepage high-fidelity design,Desktop and mobile designs of homepage with real content,Sets visual language,Design,"S-01, R-03",Design,Homepage design,Figma link/export,Yes,[MUST HAVE],High,4–10 h,10,Lorem ipsum hides content issues,Designing desktop only,Mobile afterthought,Yes,No — included in base price,No
S-03,S,UI Design,Inner page template designs,"Designs for each unique template (service, about, contact, blog list/post, product) desktop+mobile",Complete design coverage,Design,S-02,Design,Template designs,Figma link,Yes,[MUST HAVE],Medium,2–5 h/template,4,Template count creep,Designing every page instead of templates,Overrun,Yes,No — included in base price,No
S-04,S,UI Design,Interaction and state designs,"Hover, focus, active, disabled, loading, error, success, empty states for components",Developers otherwise improvise,Design,S-02,Design,State specs,Figma frames,No,[RECOMMENDED],Medium,1–3 h,2,Inconsistent behaviour,Forgetting focus states,Accessibility failures,Yes,No — included in base price,No
S-05,S,UI Design,Design accessibility check,"Check contrast (4.5:1 text), target sizes (24px min), focus visibility, not relying on colour alone",Cheaper to fix in design,Design,S-02,Design,Accessibility notes,Checker screenshots,No,[MUST HAVE],Low,0.5–1 h,1,Brand colours fail contrast,Light grey text,Accessibility failures,Yes,No — included in base price,No
S-06,S,UI Design,Design handoff specification,"Export assets, document spacing, breakpoints, component names, interactions",Accurate implementation,Design,S-03,Design,Handoff file,Figma dev link,No,[RECOMMENDED],Low,1–2 h,2,Misinterpretation,Assets not exported,Rework,Yes,No — included in base price,No
T-01,T,Design System,Colour tokens,"Define named colour tokens (primary, surface, text, border, states) incl. dark mode if needed",Consistency and easy changes,Design,S-01,Design,Token list,Figma variables/file,No,[RECOMMENDED],Low,0.5–1 h,1,Hard-coded colours,No state colours,Inconsistent UI,Yes,No — included in base price,No
T-02,T,Design System,Typography scale,"Font families, sizes, weights, line heights for headings/body across breakpoints",Readability,Design,S-01,Design,Type scale,File,No,[RECOMMENDED],Low,0.5–1 h,1,Too many font weights (slow),Tiny mobile text,Poor readability,Yes,No — included in base price,No
T-03,T,Design System,"Spacing, grid and breakpoints","Spacing scale, container widths, breakpoints",Responsive consistency,Design,S-01,Design,Layout spec,File,No,[RECOMMENDED],Low,0.5–1 h,1,Arbitrary spacing,Pixel-perfect only at one width,Inconsistent layout,Yes,No — included in base price,No
T-04,T,Design System,Component library,"Buttons, links, inputs, cards, nav, modals, accordions, alerts with variants/states",Speeds design and build,Design,T-01..T-03,Design,Component set,Figma components,No,[RECOMMENDED],Medium,2–6 h,5,Over-engineering for small sites,Components without states,Inconsistent UI,Cond,No — included in base price,No
T-05,T,Design System,Icons and image style,Choose licensed icon set and image treatment rules,Visual cohesion; licence clarity,Design,S-01,Design,Icon/image guide,File + licence,No,[OPTIONAL],Low,0.5–1 h,1,Unlicensed icons,Mixing icon styles,Messy visuals,Cond,No — included in base price,No
U-01,U,Client Design Approval,Design presentation,Present designs explaining rationale tied to goals,Better feedback quality,Design,S-02/S-03,Design,Presentation notes,Meeting record,No,[RECOMMENDED],Low,0.5–1 h,1,Taste-based debates,Sending link with no context,Random feedback,Yes,No — included in base price,No
U-02,U,Client Design Approval,Consolidated design feedback,Client sends one consolidated list per round from the decision-maker,Controls rounds,Design,U-01,PM,Feedback list,Client email/doc,Yes,[MUST HAVE],Low,0.5 h,1,Conflicting feedback,Accepting drip feedback,Round explosion,Yes,No — included in base price,No
U-03,U,Client Design Approval,Design revision round,Apply agreed changes; classify out-of-scope items as change requests,Controlled iteration,Design,U-02,Design,Revised designs,Version history,Yes,[MUST HAVE],Medium,1–6 h/round,4,Unlimited tweaks,Not counting rounds,Unpaid work,Yes,No — included in base price,No
U-04,U,Client Design Approval,Written design sign-off,Client approves designs in writing; later visual changes are change requests,Freezes design before development,Design,U-03,PM,Design approval,Signed approval/email,Yes,[MUST HAVE],Low,15 min,1,Redesign during development,Starting code before approval,Costly rework,Yes,No — included in base price,No
V-01,V,Frontend Development,Initialize frontend project,"Create project with chosen framework/generator, set Node version, scripts (dev/build/preview)",Reproducible foundation,Development,"L-04, J-04",FE,Project scaffold,Initial commit,No,[MUST HAVE],Low,0.5–1 h,1,Wrong framework version,Unpinned runtime,Build breaks later,Yes,No — included in base price,No
V-02,V,Frontend Development,Establish folder structure and conventions,"Folders for components, pages, styles, assets, utils; naming rules in README","Maintainability, easier handover",Development,V-01,FE,Structure + README section,Commit,No,[RECOMMENDED],Low,0.5 h,1,Chaotic codebase,No conventions,Hard handover,Yes,No — included in base price,No
V-03,V,Frontend Development,Configure dependencies and lockfile,Add only needed packages; commit lockfile; record licences,Supply-chain and licence control,Development,V-01,FE,package manifest + lockfile,Commit,No,[MUST HAVE],Low,0.5–1 h,1,Vulnerable/abandoned packages,Installing heavy libs for small needs,"Bloat, vulnerabilities",Yes,No — included in base price,Yes
V-04,V,Frontend Development,"Linting, formatting and pre-commit hooks",Configure linter/formatter and optional pre-commit checks,Consistent code between two developers,Development,V-01,FE,Config files,Commit,No,[RECOMMENDED],Low,0.5–1 h,1,Style fights,Skipping on small projects,Messy diffs,Yes,No — included in base price,No
V-05,V,Frontend Development,Global styles and CSS variables,"Reset/normalize, CSS custom properties from tokens, base element styles",Consistent look,Development,T-01..T-03,FE,Global stylesheet,Commit,No,[MUST HAVE],Low,1–2 h,2,Specificity conflicts,Hard-coding values everywhere,Inconsistent UI,Yes,No — included in base price,No
V-06,V,Frontend Development,Typography and font loading,"Implement type scale; self-host or optimise web fonts with font-display, subsetting, preload of critical font",Readability and performance,Development,T-02,FE,Font setup,Commit + Lighthouse note,No,[MUST HAVE],Low,1–2 h,2,Layout shift from fonts; licence breach,Loading 6 weights,"Slow, janky text",Yes,No — included in base price,No
V-07,V,Frontend Development,Layout primitives,"Containers, grid/flex utilities, section spacing, responsive breakpoints",Reuse across pages,Development,T-03,FE,Layout components,Commit,No,[RECOMMENDED],Low,1–2 h,2,Inconsistent spacing,One-off layouts per page,Maintenance cost,Yes,No — included in base price,No
V-08,V,Frontend Development,Header and desktop navigation,"Logo, menu, active states, CTA button, skip link",Primary wayfinding,Development,V-05,FE,Header component,Commit + screenshot,No,[MUST HAVE],Medium,1–3 h,2,Menu overflow,No active state; no skip link,Poor navigation,Yes,No — included in base price,No
V-09,V,Frontend Development,Responsive mobile navigation,"Accessible menu toggle (button with aria-expanded), focus management, close on Escape, scroll lock",Most local-business traffic is mobile,Development,V-08,FE,Mobile nav,Commit + device screenshots,No,[MUST HAVE],Medium,2–4 h,4,Keyboard traps,Div as button; no Escape close,Unusable on mobile/for keyboard users,Yes,No — included in base price,No
V-10,V,Frontend Development,Footer,"Contact details, links, legal pages, social links, copyright line",Trust and legal link placement,Development,V-05,FE,Footer component,Commit,No,[MUST HAVE],Low,1–2 h,2,Wrong contact info,Missing legal links,Trust/compliance gaps,Yes,No — included in base price,No
V-11,V,Frontend Development,Build homepage sections,Implement each homepage section from design with real content,Core page,Development,"U-04, V-05..V-10",FE,Homepage,Commit + staging URL,No,[MUST HAVE],High,4–10 h,10,Pixel-drift from design,Building before content final,Rework,Yes,No — included in base price,No
V-12,V,Frontend Development,Build inner page templates,Implement each approved template and populate pages,Complete site,Development,V-11,FE,Page templates,Commits + staging URLs,No,[MUST HAVE],Medium,2–5 h/template,4,Template count creep,Copy-pasting instead of templates,Maintenance cost,Yes,No — included in base price,No
V-13,V,Frontend Development,Reusable UI components,"Buttons, cards, accordions, tabs, modals, carousels (only if needed) with accessible behaviour",Consistency and accessibility,Development,T-04,FE,Components,Commits,No,[RECOMMENDED],Medium,2–6 h,5,Inaccessible carousels/modals,Auto-rotating sliders,Accessibility failures,Yes,No — included in base price,No
V-14,V,Frontend Development,Responsive images,"srcset/sizes, width/height attributes, lazy-load below fold, eager/priority for hero",LCP and CLS,Development,O-05,FE,Image implementation,Commit + Lighthouse,No,[MUST HAVE],Low,1–2 h,2,Layout shift,Lazy-loading hero image,Poor Core Web Vitals,Yes,No — included in base price,No
V-15,V,Frontend Development,Implement form UI,"Accessible fields with visible labels, autocomplete attributes, input types, required indicators",Forms are the main conversion point,Development,AB-01,FE,Form components,Commit,No,[MUST HAVE],Medium,1–3 h,2,Placeholder-as-label,Wrong input types on mobile,Lost leads,Yes,No — included in base price,No
V-16,V,Frontend Development,Client-side validation,Inline validation with clear messages linked via aria-describedby; never the only validation,Better UX; server still validates,Development,V-15,FE,Validation logic,Commit + test,No,[MUST HAVE],Low,1–2 h,2,Blocking valid Indian phone formats,Over-strict regex,Lost leads,Yes,No — included in base price,No
V-17,V,Frontend Development,Loading states,"Button disabled/spinner on submit, skeletons for async content, prevent double submit",Prevents duplicate submissions,Development,V-15,FE,Loading UI,Commit,No,[MUST HAVE],Low,0.5–1 h,1,Duplicate leads/orders,No feedback on slow networks,User confusion,Yes,No — included in base price,No
V-18,V,Frontend Development,Error and empty states,"Friendly network/server error messages, retry, empty lists",Resilience,Development,V-15,FE,Error UI,Commit,No,[MUST HAVE],Low,1–2 h,2,Silent failures,Showing raw error text,"Lost leads, leaked info",Yes,No — included in base price,No
V-19,V,Frontend Development,Animations and transitions,Subtle transitions respecting prefers-reduced-motion; no layout-shifting animations,Polish without harming accessibility/perf,Development,V-11,FE,Animations,Commit,No,[OPTIONAL],Low,1–3 h,2,"Motion sickness, INP hit",Heavy animation libraries,Slower site,Cond,No — included in base price,No
V-20,V,Frontend Development,404 and error pages,Custom 404 with navigation/search; server error page,Recovers lost visitors,Development,V-08,FE,404/500 pages,Commit + URL test,No,[MUST HAVE],Low,0.5–1 h,1,Soft-404 (200 status),Default server page,"Lost visitors, SEO issues",Yes,No — included in base price,No
V-21,V,Frontend Development,"Favicon, app icons and manifest","Favicon set, apple-touch-icon, theme colour, web manifest if relevant",Brand recognition in tabs/bookmarks,Development,N-01,FE,Icon files,Commit,No,[MUST HAVE],Low,0.5 h,1,Missing icons look unprofessional,Only one favicon size,Generic browser icon,Yes,No — included in base price,No
V-22,V,Frontend Development,API integration layer,"Central fetch/client module with timeouts, error handling, typed responses",Maintainable data access,Development,Z-01,FE,API client,Commit,No,[CONDITIONAL],Medium,1–3 h,2,Keys exposed in frontend,Calling third-party APIs with secret keys from browser,Leaked keys,Cond,No — included in base price,No
V-23,V,Frontend Development,Consent banner UI,Consent UI for non-essential cookies/trackers where client chooses to use them; blocks tags until consent,Privacy expectations and DPDP consent principles,Development,AJ-01,FE,Banner,Commit + test,Yes,[CONDITIONAL],Medium,2–4 h,4,Dark patterns (pre-ticked),Banner that doesn't actually block scripts,Privacy complaints,Cond,Conditional — depends on scope,Yes
V-24,V,Frontend Development,Print styles,"Print stylesheet for menus, price lists, event pages",Some local businesses need printable pages,Development,V-12,FE,Print CSS,Commit,No,[OPTIONAL],Low,0.5–1 h,1,None major,Forgetting when requested,Poor printouts,No,Conditional — depends on scope,No
V-25,V,Frontend Development,Frontend tests,"Component/unit tests for logic, basic end-to-end for key flows",Prevent regressions,Development,V-11..V-18,FE,Tests,Test run output,No,[RECOMMENDED],Medium,2–6 h,5,False confidence,Testing only happy paths,Regressions,Cond,No — included in base price,No
W-01,W,Backend Development,Initialize backend project,"Scaffold server/serverless functions with runtime version, structure, scripts",Foundation,Development,L-04,BE,Backend scaffold,Commit,No,[CONDITIONAL],Low,0.5–1 h,1,Unneeded backend for static sites,Building custom backend where a service suffices,Over-engineering,Cond,No — included in base price,No
W-02,W,Backend Development,Environment configuration and secrets,.env.example with names only; secrets in host secret store; separate dev/staging/prod values,Secrets must never be in code or repo,Development,W-01,BE,Config + .env.example,Commit (no secrets),No,[MUST HAVE],Low,0.5–1 h,1,Secrets committed,Sharing .env over WhatsApp,Credential leak,Yes,No — included in base price,Yes
W-03,W,Backend Development,Data models and business logic,"Implement entities (leads, bookings, products) and rules",Core behaviour,Development,X-02,BE,Models/services,Commits + tests,No,[CONDITIONAL],High,3–12 h,10,Logic errors,Mixing logic into routes,"Bugs, hard maintenance",Cond,No — included in base price,No
W-04,W,Backend Development,API endpoints,"Implement endpoints for forms, content, bookings with consistent responses",Frontend/backend contract,Development,"Z-01, W-03",BE,Endpoints,Commits + API docs,No,[CONDITIONAL],Medium,1–3 h/endpoint,3,Missing auth checks,No input validation,Vulnerabilities,Cond,No — included in base price,No
W-05,W,Backend Development,Server-side validation and sanitisation,Validate type/length/format of every input; parameterised queries; encode output,Injection prevention,Development,W-04,BE,Validation layer,Commit + tests,No,[MUST HAVE],Medium,1–3 h,3,XSS/SQL injection,Trusting client validation,Breach,Yes,No — included in base price,No
W-06,W,Backend Development,Error handling and logging,"Central error handler, structured logs without personal data/secrets, correlation IDs",Diagnose issues safely,Development,W-01,BE,Logging setup,Commit + sample log,No,[MUST HAVE],Low,1–2 h,2,Logging passwords/PII,Stack traces to users,"Leaks, blind debugging",Cond,No — included in base price,Yes
W-07,W,Backend Development,Rate limiting and abuse protection,Limit form/login/API requests per IP/user,Prevents spam and brute force,Development,W-04,BE,Rate limits,Config + test,No,[MUST HAVE],Low,1–2 h,2,"Spam floods, SMS/email cost spikes",No limits on OTP/email endpoints,Abuse costs,Cond,No — included in base price,No
W-08,W,Backend Development,File upload handling,"Validate type (content not extension), size limits, virus scan if needed, private storage, random names",Uploads are a common attack vector,Development,W-04,BE,Upload module,Commit + tests,No,[CONDITIONAL],Medium,2–5 h,4,"Malware hosting, RCE",Storing uploads in web root,Compromise,Cond,No — included in base price,No
W-09,W,Backend Development,Scheduled jobs,"Cron/scheduled tasks (reminders, cleanup, backups) with monitoring",Automation,Development,W-03,BE,Jobs,Config + logs,No,[CONDITIONAL],Medium,1–3 h,2,Silent failures,No alerting,Missed reminders,Cond,No — included in base price,Yes
W-10,W,Backend Development,Backend tests,Unit/integration tests for logic and endpoints incl. auth failures,Confidence for changes,Development,W-04,BE,Tests,Test output,No,[RECOMMENDED],Medium,2–6 h,5,False confidence,Only happy paths,Regressions,Cond,No — included in base price,No
X-01,X,Database,Choose database and hosting,Select managed DB appropriate to scale/budget; region; backups included,Data durability,Development,L-04,BE,Decision record,ADR entry,No,[CONDITIONAL],Low,0.5–1 h,1,Unmanaged DB with no backups,Free tiers that pause/delete,Data loss,Cond,No — included in base price,No
X-02,X,Database,Schema design,"Tables/collections, relations, constraints, ERD; data minimisation",Correct data model,Development,E-03,BE,Schema + ERD,Migration files + diagram,No,[CONDITIONAL],Medium,1–4 h,3,Storing unnecessary personal data,No constraints,Data quality issues,Cond,No — included in base price,No
X-03,X,Database,Migrations,Versioned migration scripts for schema changes,Reproducible deploys,Development,X-02,BE,Migration scripts,Commits,No,[CONDITIONAL],Low,0.5–1 h,1,Manual prod changes,Editing prod schema by hand,"Drift, outages",Cond,No — included in base price,Yes
X-04,X,Database,Seed and test data,Non-personal sample data for dev/staging,Safe testing,Development,X-03,BE,Seed script,Commit,No,[CONDITIONAL],Low,0.5–1 h,1,Real customer data in staging,Copying prod DB to dev,Privacy breach,Cond,No — included in base price,No
X-05,X,Database,Indexes and constraints,Add indexes for queries; unique/foreign keys,Performance and integrity,Development,X-02,BE,Index migration,Commit,No,[CONDITIONAL],Low,0.5–1 h,1,Slow queries,No indexes,Slow admin,Cond,No — included in base price,No
X-06,X,Database,Least-privilege database users,App user with only required permissions; separate admin credentials,Limits blast radius,Development,X-01,BE,DB users,Config record (no passwords),No,[CONDITIONAL],Low,0.5 h,1,App running as DB superuser,One password everywhere,Larger breach impact,Cond,No — included in base price,No
X-07,X,Database,Backup configuration and restore test,Automated backups with retention; perform one test restore,Backups you haven't restored are assumptions,Launch,X-01,BE/DevOps,Backup config + restore report,Screenshot/log,No,[MUST HAVE],Medium,1–2 h,2,Corrupt/incomplete backups,Never testing restore,Unrecoverable loss,Cond,No — included in base price,Yes
Y-01,Y,Authentication,Authentication strategy,Choose managed auth vs framework auth; define user types; passkey/OTP/password options,Secure login is hard to build from scratch,Development,E-03,BE,Auth decision,ADR,No,[CONDITIONAL],Medium,1–2 h,2,Rolling your own crypto,Storing plaintext passwords,Breach,Cond,No — included in base price,No
Y-02,Y,Authentication,"Signup, login and logout",Implement flows with secure password hashing or provider; generic error messages,Core access,Development,Y-01,BE/FE,Auth flows,Commits + tests,No,[CONDITIONAL],Medium,3–8 h,7,Account enumeration,Revealing 'email not found',Security weakness,Cond,No — included in base price,No
Y-03,Y,Authentication,Password reset and email verification,"Single-use, expiring tokens; rate limited; no password in email",Account recovery safety,Development,"Y-02, AC-01",BE,Reset flow,Tests,No,[CONDITIONAL],Medium,2–4 h,4,Token reuse,Long-lived reset links,Account takeover,Cond,No — included in base price,No
Y-04,Y,Authentication,Role-based authorization,Enforce roles/ownership on server for every protected route/object,Broken access control is the top web risk,Development,Y-02,BE,Authorization checks,Tests incl. negative cases,No,[CONDITIONAL],Medium,2–6 h,5,IDOR,Hiding buttons instead of checking server-side,Data exposure,Cond,No — included in base price,No
Y-05,Y,Authentication,Session and token security,"Secure, HttpOnly, SameSite cookies; expiry; rotation on login; logout invalidation",Session hijack prevention,Development,Y-02,BE,Session config,Config + tests,No,[CONDITIONAL],Low,1–2 h,2,Tokens in localStorage,Never-expiring sessions,Hijacking,Cond,No — included in base price,No
Y-06,Y,Authentication,MFA for admin accounts,"Enable MFA/2FA on admin logins (app, platform, CMS)",Admin compromise = site compromise,Development,Y-02 or AD-03,BE,MFA enabled,Screenshot/settings record,No,[RECOMMENDED],Low,0.5–2 h,1,SMS-only MFA weaknesses,Shared admin account,Takeover,Cond,No — included in base price,Yes
Z-01,Z,APIs,API contract and documentation,"Document endpoints, request/response shapes, errors, auth",Shared understanding; handover,Development,E-03,BE,API docs,Doc/OpenAPI file,No,[CONDITIONAL],Medium,1–3 h,2,Undocumented behaviour,Docs out of date,Hard maintenance,Cond,No — included in base price,No
Z-02,Z,APIs,Implement and version APIs,Build to contract; version when breaking changes occur,Stability,Development,Z-01,BE,API,Commits,No,[CONDITIONAL],Medium,Varies,5,Breaking clients,No versioning,Outages,Cond,No — included in base price,No
Z-03,Z,APIs,API key scoping and restriction,Restrict keys by domain/IP/API; separate keys per environment; server-side use only for secrets,Stolen keys cause bills and abuse,Development,AA-01,BE,Key restriction record,Console screenshot,No,[MUST HAVE],Low,0.5–1 h,1,Unrestricted Maps keys billed,One key for dev and prod,Unexpected charges,Cond,No — included in base price,Yes
AA-01,AA,Third-party Integrations,Third-party account ownership check,"Confirm each service account is created by/for the client (client email, client billing) with you as invited user",Prevents developer lock-in and billing disputes,Development,E-05,PM,Account register entries,Register + invite emails,Yes,[MUST HAVE],Low,0.5–1 h,1,Services on developer's card,Creating accounts 'temporarily' in own name,Painful migrations later,Yes,No — included in base price,No
AA-02,AA,Third-party Integrations,Maps integration,Embed map or Maps API with restricted key; correct business location,Local businesses need directions,Development,AA-01,FE,Map,Staging URL,No,[CONDITIONAL],Low,0.5–1 h,1,API billing,Unrestricted key,Charges,Cond,No — included in base price,No
AA-03,AA,Third-party Integrations,WhatsApp contact integration,"Click-to-chat link with prefilled message, or Business Platform integration if requested",Preferred channel for Indian customers,Development,AA-01,FE,WhatsApp CTA,Test record,No,[CONDITIONAL],Low,0.5 h (link) / 4–10 h (API),1,Wrong number format,Personal number instead of business number,Missed enquiries,Cond,Conditional — depends on scope,No
AA-04,AA,Third-party Integrations,Social media embeds,Links/feeds/embeds with performance and privacy consideration,Social proof,Development,AA-01,FE,Embeds,Commit,No,[OPTIONAL],Low,0.5–2 h,1,Heavy third-party scripts,Embedding full feeds,Slow pages,Cond,No — included in base price,No
AA-05,AA,Third-party Integrations,CRM or email marketing integration,Send leads/subscribers to client's CRM/list with consent recorded,Automates lead handling,Development,"AA-01, AB-04",BE,Integration,Test record,No,[CONDITIONAL],Medium,2–6 h,5,Consent not captured,Adding everyone to marketing list,Privacy complaints,Cond,Yes — separate line item,Yes
AA-06,AA,Third-party Integrations,Integration failure handling,"Timeouts, retries, fallback (e.g., store lead locally and email) and alerts",Third parties fail,Development,AA-02..AA-05,BE,Fallback logic,Tests,No,[RECOMMENDED],Medium,1–3 h,2,Silent lead loss,Assuming APIs never fail,Lost business,Cond,No — included in base price,No
AB-01,AB,Forms,Form specification and data minimisation,"Define fields, required ones, purpose of each, where data goes, retention",Collect only what is needed,Development,E-03,PM,Form spec,Doc,Yes,[MUST HAVE],Low,0.5–1 h,1,Over-collection of personal data,Asking for DOB/Aadhaar unnecessarily,Privacy risk,Yes,No — included in base price,No
AB-02,AB,Forms,Form submission handling,Deliver to email/DB/CRM reliably; store copy; notify client,Lead delivery is the site's job,Development,"AB-01, AC-01",BE,Handler,Test submissions,No,[MUST HAVE],Medium,1–3 h,2,Emails landing in spam,"Only emailing, no storage",Lost leads,Yes,No — included in base price,Yes
AB-03,AB,Forms,Spam protection,"Honeypot, rate limit, time-trap, accessible CAPTCHA only if needed",Reduce spam without blocking users,Development,AB-02,BE,Anti-spam,Config + test,No,[MUST HAVE],Low,0.5–1 h,1,Blocking real users,Inaccessible image CAPTCHA,Lost leads,Yes,No — included in base price,Yes
AB-04,AB,Forms,Notice and consent text on forms,Short notice of purpose with link to privacy notice; separate unticked opt-in for marketing,Aligns with DPDP notice/consent principles,Development,"AB-01, BK-01",PM/FE,Notice text,Screenshot,Yes,[MUST HAVE],Low,0.5 h,1,Pre-ticked consent,Bundling marketing consent,Privacy complaints,Yes,No — included in base price,No
AB-05,AB,Forms,Confirmation and conversion tracking,Success message/thank-you page; fire conversion event,Feedback to user; measurable goals,Development,"AB-02, AJ-03",FE,Confirmation + event,Analytics debug screenshot,No,[RECOMMENDED],Low,0.5–1 h,1,Double-counted conversions,Tracking on click not success,Wrong metrics,Yes,No — included in base price,No
AB-06,AB,Forms,End-to-end form test,"Submit every form on staging and production; verify email, storage, auto-reply",Most embarrassing failure is a silent form,QA,AB-02..AB-05,QA,Test record,Test log + received emails,No,[MUST HAVE],Low,0.5–1 h,1,Broken production SMTP,Testing only on staging,Lost leads,Yes,No — included in base price,Yes
AC-01,AC,Email,Transactional email service setup,Configure sending service in client's account; verify sending domain,Reliable delivery,Development,AA-01,BE/DevOps,Configured service,Console screenshot,No,[CONDITIONAL],Low,0.5–1 h,1,Using personal Gmail SMTP,Sending from free email domains,Spam folder,Cond,No — included in base price,Yes
AC-02,AC,Email,"SPF, DKIM and DMARC records","Add/merge SPF (one record), DKIM keys, DMARC policy for sending domain",Major mailbox providers expect authentication,Development,"AC-01, AW-01",DevOps,DNS records,DNS lookup output,No,[MUST HAVE],Low,0.5–1 h,1,Multiple SPF records break mail,Overwriting client's existing MX/SPF,Email outage,Cond,No — included in base price,Yes
AC-03,AC,Email,Email templates,Notification and auto-reply templates with plain-text version and business details,"Professional, accessible emails",Development,AC-01,FE/BE,Templates,Commit + test sends,Optional,[CONDITIONAL],Low,1–2 h,2,Broken rendering,Images-only emails,Poor delivery,Cond,No — included in base price,No
AC-04,AC,Email,Deliverability test,Send tests to Gmail/Outlook/Yahoo; check spam placement and headers,Verify authentication works,QA,AC-02,QA,Test report,Screenshots of headers,No,[MUST HAVE],Low,0.5 h,1,Leads in spam,Testing only to own domain,Silent lead loss,Cond,No — included in base price,Yes
AC-05,AC,Email,Business mailbox setup,Set up client mailboxes on client's chosen provider; MX records,Often requested with website,Development,AW-01,DevOps,Mailboxes,Admin console record,Yes,[CONDITIONAL],Medium,1–4 h,3,Email downtime during MX change,Changing MX without inventory,Email outage,Cond,Yes — separate line item,Yes
AD-01,AD,CMS,CMS selection,"Choose CMS (none, headless, WordPress, hosted builder) based on who edits and how often",Right tool for client's skills,Development,L-04,FE/BE,Decision record,ADR,Yes,[CONDITIONAL],Low,0.5–1 h,1,Over-complex CMS,Choosing CMS client can't use,Support burden,Cond,No — included in base price,No
AD-02,AD,CMS,Content model,Define collections/fields/validation for editable content,"Structured, safe editing",Development,AD-01,BE,Content model,Config/commit,No,[CONDITIONAL],Medium,2–5 h,4,Editors breaking layouts,Free-form rich text everywhere,Broken pages,Cond,No — included in base price,No
AD-03,AD,CMS,Editor roles and permissions,"Client admin, editor roles; developer account separate and removable",Least privilege and clean handover,Development,AD-01,BE,Role config,Screenshot,No,[CONDITIONAL],Low,0.5–1 h,1,Everyone as admin,Sharing one admin login,Takeover risk,Cond,No — included in base price,Yes
AD-04,AD,CMS,Content entry and migration,Enter/migrate agreed number of pages/items,Site populated,Development,"AD-02, P-05",Content,Populated CMS,Page count record,No,[CONDITIONAL],Medium,0.25–0.5 h/item,3,Unbounded data entry,Including unlimited entry,Unpaid work,Cond,Conditional — depends on scope,No
AD-05,AD,CMS,Plugin/extension vetting and licences,"Check maintenance status, security history, licence terms and renewal cost of each plugin",Plugins are a major vulnerability and licence risk,Development,AD-01,BE,Plugin register,Register,No,[CONDITIONAL],Low,0.5–1 h,1,Nulled/pirated plugins,Using developer-licence on client site,"Malware, licence breach",Cond,No — included in base price,Yes
AE-01,AE,Admin Dashboard,Admin requirements,"Define admin tasks, roles, data views, exports",Avoid over-building,Development,E-03,PM,Admin spec,Doc,Yes,[CONDITIONAL],Low,0.5–1 h,1,Scope creep,Building features no one uses,Overrun,Cond,Yes — separate line item,No
AE-02,AE,Admin Dashboard,Build admin screens,List/detail/edit screens with server-side authorization,Client manages data,Development,"AE-01, Y-04",FE/BE,Admin UI,Commits + screenshots,No,[CONDITIONAL],High,6–20 h,18,Access control bugs,Client-side only checks,Data exposure,Cond,Yes — separate line item,No
AE-03,AE,Admin Dashboard,Audit log,Record who changed what and when for admin actions,Accountability,Development,AE-02,BE,Audit log,Sample entries,No,[OPTIONAL],Medium,2–4 h,4,Storing excessive PII,No retention rule,Poor traceability,Cond,Yes — separate line item,No
AE-04,AE,Admin Dashboard,Data export,CSV export of leads/orders for client,Client owns and uses their data,Development,AE-02,BE,Export feature,Sample export,No,[OPTIONAL],Low,1–2 h,2,Export exposes data broadly,No access control,Leak,Cond,Yes — separate line item,No
AF-01,AF,E-commerce,E-commerce platform decision,"Choose hosted platform vs WooCommerce vs custom based on SKUs, budget, maintenance, payment and GST invoicing needs",Custom e-commerce is expensive and risky,Development,E-03,PM/BE,Decision record,ADR,Yes,[CONDITIONAL],Medium,1–2 h,2,Custom cart where hosted fits,Ignoring transaction fees and renewals,Cost overrun,Cond,Yes — separate line item,No
AF-02,AF,E-commerce,Product catalogue setup,"Categories, attributes, variants, prices incl./excl. GST, images, stock",Accurate listings,Development,"AF-01, O-02",Content/BE,Catalogue,Product count record,No,[CONDITIONAL],Medium,0.25–0.5 h/product,5,Wrong prices,Unbounded product entry in fixed fee,"Unpaid work, pricing errors",Cond,Yes — separate line item,Yes
AF-03,AF,E-commerce,Cart and checkout,"Cart, address, shipping choice, order summary with total price, explicit consent (no pre-ticked boxes)",Core purchase flow; e-commerce rules require clear consent and pricing,Development,"AF-02, AH-02",FE/BE,Checkout,E2E test record,No,[CONDITIONAL],High,6–16 h,15,"Abandoned carts, hidden charges",Pre-ticked add-ons,Consumer complaints,Cond,Yes — separate line item,No
AF-04,AF,E-commerce,Tax display and invoice generation,Show taxes correctly; generate GST-compliant invoices per client's CA instructions,Client's tax compliance,Development,AF-03,BE,Invoice template,Sample invoice reviewed by client's CA,Yes,[CONDITIONAL],Medium,2–6 h,5,Wrong GST treatment,Developer deciding tax rules,Client tax exposure,Cond,Yes — separate line item,No
AF-05,AF,E-commerce,Shipping and delivery rules,"Zones, rates, delivery estimates, COD rules if offered",Accurate costs/expectations,Development,AF-02,BE,Shipping config,Test orders,Yes,[CONDITIONAL],Medium,1–4 h,3,Undercharging shipping,Ignoring pincode serviceability,Losses,Cond,Yes — separate line item,Yes
AF-06,AF,E-commerce,E-commerce mandatory disclosures,"Display seller legal name, address, customer care and grievance officer contacts, return/refund/exchange/shipping/payment terms as supplied by client",Consumer Protection (E-Commerce) Rules require prominent disclosures,Development,BK-04,PM/FE,Policy pages + footer details,Screenshots,Yes,[CONDITIONAL],Low,1–2 h,2,Non-compliance,Developer writing policies without client/lawyer,Regulatory complaints,Cond,No — included in base price,Yes
AF-07,AF,E-commerce,Order notifications,Customer and admin emails/SMS for order placed/shipped/refunded,Transparency,Development,AC-01,BE,Notification templates,Test emails,No,[CONDITIONAL],Medium,2–4 h,4,Missing notifications,No admin alert,Missed orders,Cond,Yes — separate line item,Yes
AG-01,AG,Booking Systems,Booking tool decision,"Choose embedded booking service vs custom based on complexity, payments, reminders",Custom booking is complex,Development,E-03,PM,Decision record,ADR,Yes,[CONDITIONAL],Low,0.5–1 h,1,Reinventing calendars,Custom build for simple needs,Overrun,Cond,Yes — separate line item,No
AG-02,AG,Booking Systems,Availability and slots configuration,"Services, durations, buffers, staff, holidays, time zone (IST)",Correct availability,Development,AG-01,BE,Booking config,Test bookings,Yes,[CONDITIONAL],Medium,1–4 h,3,Double bookings,Wrong time zone,Angry customers,Cond,Yes — separate line item,Yes
AG-03,AG,Booking Systems,Booking confirmations and reminders,"Email/SMS/WhatsApp confirmations, reschedule/cancel links",Reduces no-shows,Development,"AG-02, AC-01",BE,Templates,Test messages,No,[CONDITIONAL],Medium,1–3 h,2,Messaging costs,No cancel link,No-shows,Cond,Yes — separate line item,Yes
AG-04,AG,Booking Systems,Calendar sync,Two-way sync with client's calendar,Avoid conflicts,Development,AG-02,BE,Sync,Test event,No,[CONDITIONAL],Medium,1–3 h,2,Sync loops,Syncing to developer calendar,Conflicts,Cond,Yes — separate line item,Yes
AH-01,AH,Payments,Payment gateway account (client-owned),Client applies and completes KYC with gateway; developer gets restricted team access,Settlements must go to client's bank; KYC is the merchant's obligation,Development,AA-01,Client + PM,Gateway account,Team invite email,Yes,[CONDITIONAL],Low,0.5–1 h (dev time),1,Account in developer's name,Developer doing KYC for client,Legal/financial disputes,Cond,No — included in base price,No
AH-02,AH,Payments,Integrate hosted/tokenised checkout,Use gateway's hosted page or SDK so card data never touches your server,Avoid handling card data,Development,AH-01,BE/FE,Checkout integration,Test transactions,No,[CONDITIONAL],Medium,3–8 h,7,Storing card data,Building custom card forms,Serious compliance breach,Cond,Yes — separate line item,No
AH-03,AH,Payments,Webhook signature verification and idempotency,Verify webhook signatures; confirm payment server-side; process each event once,Prevents fake 'paid' orders,Development,AH-02,BE,Webhook handler,Tests incl. forged payload,No,[CONDITIONAL],Medium,2–4 h,4,Fraudulent orders,Trusting redirect URL as proof of payment,Revenue loss,Cond,No — included in base price,No
AH-04,AH,Payments,Refund and failed-payment flows,"Handle failures, pending, refunds and reconciliation",Real-world payments fail,Development,AH-03,BE,Flows,Test cases,No,[CONDITIONAL],Medium,2–4 h,4,Stuck orders,Only coding success path,Support burden,Cond,No — included in base price,No
AH-05,AH,Payments,Test-to-live switch,Swap to live keys stored as secrets; small real transaction test and refund,Confirms real settlement,Launch,AH-04,BE,Live config,Live test txn record,Yes,[CONDITIONAL],Low,0.5–1 h,1,Test keys in production,Live keys in repo,No real payments,Cond,No — included in base price,No
AI-01,AI,SEO,URL structure and slugs,"Short, readable, lowercase, hyphenated URLs matching IA",SEO and usability,Development,Q-02,FE,URL map,Sitemap,No,[MUST HAVE],Low,0.5 h,1,Changing URLs after launch,IDs in URLs,Lost rankings,Yes,No — included in base price,No
AI-02,AI,SEO,Titles and meta descriptions,Unique title and description per page with brand and location where relevant,Search snippets,Development,P-05,Content/FE,Meta list,Crawl report,No,[MUST HAVE],Low,10–15 min/page,2,Duplicate titles,Same title on all pages,Poor CTR,Yes,No — included in base price,No
AI-03,AI,SEO,Heading hierarchy,"One H1 per page, logical H2/H3 nesting",SEO and screen readers,Development,V-12,FE,Correct headings,Crawl/a11y report,No,[MUST HAVE],Low,0.5–1 h,1,Styling-driven headings,Multiple H1s for styling,Poor structure,Yes,No — included in base price,No
AI-04,AI,SEO,Canonical tags,"Self-referencing canonicals; handle www/non-www, trailing slash, parameters",Avoids duplicate content,Development,AY-02,FE,Canonicals,Crawl report,No,[MUST HAVE],Low,0.5 h,1,Canonical to staging domain,Hard-coded staging URLs,Indexing issues,Yes,No — included in base price,No
AI-05,AI,SEO,XML sitemap,Auto-generated sitemap with production URLs only,Helps discovery,Development,AI-01,FE,sitemap.xml,Live URL,No,[MUST HAVE],Low,0.5 h,1,Staging URLs in sitemap,Including noindex pages,Crawl waste,Yes,No — included in base price,Yes
AI-06,AI,SEO,robots.txt and staging noindex,Production robots allows crawling and lists sitemap; staging blocked/noindex + auth,Prevent staging indexing; allow production,Launch,J-05,DevOps,robots.txt,Live URL check,No,[MUST HAVE],Low,0.5 h,1,Launching with Disallow: /,Copying staging robots to prod,Site not indexed,Yes,No — included in base price,No
AI-07,AI,SEO,Structured data,"LocalBusiness/Organization, breadcrumbs, FAQ/Product where accurate; validate",Rich results eligibility,Development,P-05,FE,JSON-LD,Validator screenshot,No,[RECOMMENDED],Low,1–2 h,2,Misleading markup,Marking up content not on page,Manual actions,Yes,No — included in base price,Yes
AI-08,AI,SEO,Open Graph and social cards,"og:title, og:description, og:image (1200×630), twitter card",Good link previews on WhatsApp/social,Development,N-01,FE,OG tags + image,Share preview screenshot,No,[MUST HAVE],Low,0.5–1 h,1,Broken previews,No OG image,Poor sharing,Yes,No — included in base price,No
AI-09,AI,SEO,Redirect map from old site,Map old URLs to new with 301 redirects; test,Preserves traffic and links,Launch,D-05,FE/DevOps,Redirect map,Map + test results,No,[CONDITIONAL],Medium,1–4 h,3,Traffic loss,Redirecting everything to homepage,Lost rankings,Cond,No — included in base price,No
AI-10,AI,SEO,Business profile consistency,"Ensure name, address, phone match Google Business Profile and site; link website (client-owned profile)",Local SEO trust signals,Launch,D-05,Content,NAP checklist,Screenshots,Yes,[RECOMMENDED],Low,0.5–1 h,1,Profile owned by agency/stranger,Creating profile in developer account,Lost control of profile,Cond,Conditional — depends on scope,Yes
AI-11,AI,SEO,Search Console setup and sitemap submission,Client verifies property (DNS preferred) as owner; developer added as user; submit sitemap,Indexing monitoring owned by client,Launch,AV-01,DevOps,Verified property,Screenshot of users page,No,[MUST HAVE],Low,0.5 h,1,Developer as sole verified owner,Leaving developer tokens after handover,Client locked out,Yes,No — included in base price,Yes
AJ-01,AJ,Analytics,Analytics property in client's account,Create analytics account/property owned by client; developer as property-level user,Data ownership,Development,AA-01,DevOps,Property,Access-management screenshot,No,[MUST HAVE],Low,0.5 h,1,Agency-owned property,Creating under developer's account,Data lost when relationship ends,Yes,No — included in base price,No
AJ-02,AJ,Analytics,Install tag with consent handling,Install analytics tag; gate on consent if client adopts consent-based approach,Privacy-respecting measurement,Development,"AJ-01, V-23",FE,Tag install,Tag assistant screenshot,Yes,[CONDITIONAL],Low,0.5–1 h,1,Tracking before consent,Duplicate tags,"Bad data, complaints",Yes,No — included in base price,No
AJ-03,AJ,Analytics,Conversion and event tracking,"Track form success, calls (tel: clicks), WhatsApp clicks, bookings, purchases",Proves value against goals,Development,Q-04,FE,Event plan + implementation,Debug view screenshots,No,[RECOMMENDED],Medium,1–3 h,2,Wrong events,Tracking clicks not completions,Misleading metrics,Yes,No — included in base price,Yes
AJ-04,AJ,Analytics,Verify analytics data,Check real-time/debug data for page views and events on production,Confirms tracking works,Launch,"AJ-02, AJ-03",QA,Verification record,Screenshot,No,[MUST HAVE],Low,0.5 h,1,Silent tracking failure,Checking only staging,No data,Yes,No — included in base price,No
AK-01,AK,Accessibility,Set accessibility target,"Agree target (e.g., WCAG 2.2 Level AA for templates and flows built by you) and what is out of scope (client-uploaded content)",Makes accessibility testable and contractual,Scope,E-06,PM,Target statement,Scope doc,Yes,[RECOMMENDED],Low,15 min,1,Promising full 'compliance',Undefined target,"Disputes, legal risk",Yes,No — included in base price,No
AK-02,AK,Accessibility,Semantic HTML and landmarks,"Use header/nav/main/footer, buttons for actions, links for navigation, lists, tables correctly",Foundation for assistive tech,Development,V-08,FE,Semantic markup,Code review note,No,[MUST HAVE],Low,Built into dev,1,Div soup,Clickable divs,Screen reader failures,Yes,No — included in base price,No
AK-03,AK,Accessibility,Keyboard navigation and focus,"All interactive elements reachable by Tab, visible focus, logical order, no traps, focus not hidden by sticky headers",Keyboard users and WCAG 2.2 focus criteria,QA,V-13,FE/QA,Keyboard test record,Test checklist,No,[MUST HAVE],Low,1–2 h,2,Invisible focus,outline:none,Unusable for keyboard users,Yes,No — included in base price,No
AK-04,AK,Accessibility,Alt text and media alternatives,"Meaningful alt for informative images, empty alt for decorative; captions/transcripts for video",Non-visual access,Content,O-05,Content,Alt text list,Audit report,Optional,[MUST HAVE],Low,1–2 h,2,Alt='image',Filename alt text,Accessibility failures,Yes,No — included in base price,Yes
AK-05,AK,Accessibility,Colour contrast verification,Check text and UI component contrast in built site,Readability for low vision,QA,S-05,QA,Contrast report,Tool output,No,[MUST HAVE],Low,0.5 h,1,Brand colour failures,Checking only design file,Accessibility failures,Yes,No — included in base price,No
AK-06,AK,Accessibility,Accessible form labels and errors,"Labels tied to inputs, error text announced, not colour-only, redundant entry avoided",Forms are the conversion point,QA,"V-15, V-16",FE/QA,Form a11y test,Checklist,No,[MUST HAVE],Low,0.5–1 h,1,Unlabelled inputs,Placeholder-only labels,Lost users,Yes,No — included in base price,No
AK-07,AK,Accessibility,Automated accessibility scan,Run automated checker on each template; fix issues,Catches ~30–40% of issues quickly,QA,V-12,QA,Scan report,Report file,No,[MUST HAVE],Low,0.5–1 h,1,False sense of compliance,Treating a clean scan as 'accessible',Missed issues,Yes,No — included in base price,Yes
AK-08,AK,Accessibility,Screen reader smoke test,"Test key flows with NVDA/VoiceOver/TalkBack: headings, landmarks, forms, menus",Real assistive-tech behaviour,QA,AK-02..AK-06,QA,Test notes,Notes/recording,No,[RECOMMENDED],Medium,1–2 h,2,Unannounced errors/menus,Never testing with AT,Hidden failures,Yes,No — included in base price,No
AL-01,AL,Performance,Performance budget,"Set targets: LCP ≤2.5 s, INP ≤200 ms, CLS ≤0.1, page weight and JS limits",Makes performance testable,Scope,E-06,FE,Budget,Scope/NFR doc,No,[RECOMMENDED],Low,15–30 min,1,Unmeasured bloat,No budget,Slow site,Yes,No — included in base price,No
AL-02,AL,Performance,Image optimisation,"Modern formats, correct dimensions, compression, CDN",Images dominate page weight,Development,O-05,FE,Optimised images,Lighthouse report,No,[MUST HAVE],Low,1–2 h,2,Quality loss,Serving desktop images to phones,Slow LCP,Yes,No — included in base price,Yes
AL-03,AL,Performance,Font optimisation,"Subset, preload critical, limit weights, font-display","Faster text rendering, less shift",Development,V-06,FE,Font config,Report,No,[RECOMMENDED],Low,0.5–1 h,1,FOIT/CLS,Many weights,Slow render,Yes,No — included in base price,No
AL-04,AL,Performance,JavaScript and CSS optimisation,"Remove unused code, split bundles, defer non-critical scripts, audit third-party scripts",INP and load time,Development,V-11,FE,Optimised bundles,Bundle report,No,[RECOMMENDED],Medium,1–3 h,2,Breaking functionality,Loading every library globally,Poor INP,Yes,No — included in base price,No
AL-05,AL,Performance,Caching and CDN,"Cache headers for static assets (hashed filenames), compression (Brotli/gzip), CDN",Repeat-visit speed,Launch,AX-01,DevOps,Cache config,Header check output,No,[RECOMMENDED],Low,0.5–1 h,1,Stale content,Caching HTML too aggressively,Users see old site,Yes,No — included in base price,Yes
AL-06,AL,Performance,Lab performance test (mobile),Lighthouse/PageSpeed on mobile profile for key templates; fix major issues,Pre-launch check,QA,AL-02..AL-05,QA,Report,Saved reports,No,[MUST HAVE],Low,0.5–1 h,1,Optimising for score only,Testing only desktop on fast Wi-Fi,Slow for real users,Yes,No — included in base price,No
AL-07,AL,Performance,Field data review,"After traffic accrues, review Core Web Vitals field data (Search Console/CrUX)",Real-user performance,Post-launch,BA-03,FE,Review note,Screenshot,No,[POST-LAUNCH],Low,0.5 h,1,Not enough traffic for data,Relying on lab only,Unknown real performance,No,Conditional — depends on scope,Yes
AM-01,AM,Security,Dependency vulnerability audit,Run package audit/scanner; update or replace vulnerable packages,Supply-chain risk (OWASP A03:2025),QA,V-03,FE/BE,Audit output,Report,No,[MUST HAVE],Low,0.5–1 h,1,Breaking updates,Ignoring audit warnings,Known vulnerabilities live,Yes,No — included in base price,Yes
AM-02,AM,Security,Security headers,"HSTS, Content-Security-Policy, X-Content-Type-Options, Referrer-Policy, frame-ancestors, Permissions-Policy",Hardening against common attacks,Launch,AX-01,DevOps,Header config,Header scan output,No,[RECOMMENDED],Medium,1–3 h,2,CSP breaking scripts,Copy-paste CSP without testing,Weaker security,Yes,No — included in base price,Yes
AM-03,AM,Security,Secrets scan,Scan repo history for keys/passwords; rotate anything found,Leaked secrets are exploited quickly,QA,J-04,BE,Scan result,Report,No,[MUST HAVE],Low,0.5 h,1,Secrets in git history,Deleting file but not history/rotating key,Account abuse,Yes,No — included in base price,No
AM-04,AM,Security,Injection and XSS review,Review inputs/outputs; parameterised queries; output encoding; test common payloads,OWASP A05 Injection,QA,W-05,BE/QA,Review checklist,Checklist + test log,No,[MUST HAVE],Medium,1–2 h,2,Stored XSS in admin,Rendering raw HTML from users,Compromise,Cond,No — included in base price,No
AM-05,AM,Security,Access control review,"Try accessing other users' records, admin routes without auth, changing IDs",OWASP A01 Broken Access Control,QA,Y-04,QA,Test log,Test cases,No,[MUST HAVE],Medium,1–2 h,2,Data exposure,Only UI-level checks,Breach,Cond,No — included in base price,No
AM-06,AM,Security,Admin protection,"MFA, strong unique passwords, login rate limits, remove default accounts, restrict admin by role",Admin is the highest-value target,Launch,Y-06 or AD-03,DevOps,Hardening record,Settings screenshots,No,[MUST HAVE],Low,0.5–1 h,1,Brute force,Default 'admin' usernames,Takeover,Yes,No — included in base price,Yes
AM-07,AM,Security,File upload security test,"Try disallowed types, oversized files, script files, path tricks",Upload abuse prevention,QA,W-08,QA,Test log,Results,No,[CONDITIONAL],Low,0.5–1 h,1,Malware hosting,Trusting file extension,Compromise,Cond,No — included in base price,No
AM-08,AM,Security,Error message and debug review,"Debug mode off; no stack traces, versions or paths shown to users",Information leakage (misconfiguration),Launch,AZ-01,BE,Review record,Screenshot of error page,No,[MUST HAVE],Low,0.5 h,1,Leaking internals,Shipping debug mode,Easier attacks,Yes,No — included in base price,No
AM-09,AM,Security,OWASP Top 10 checklist pass,Walk through OWASP Top 10:2025 categories relevant to the site; record status,Structured coverage of common risks,QA,AM-01..AM-08,BE/QA,Checklist,Completed checklist,No,[RECOMMENDED],Medium,1–2 h,2,Box-ticking,Treating as a pen test,Missed risks,Cond,No — included in base price,No
AN-01,AN,Responsive Design,Breakpoint testing,"Test at 320, 360, 390, 414, 768, 1024, 1280, 1440, 1920+ widths",Layout integrity,QA,V-12,QA,Test record,Screenshots,No,[MUST HAVE],Low,1–2 h,2,Overflow/horizontal scroll,Testing only 2 widths,Broken layouts,Yes,No — included in base price,No
AN-02,AN,Responsive Design,Real device testing,"Test on at least one mid-range Android (Chrome), one iPhone (Safari), one tablet",Emulators miss real issues,QA,AN-01,QA,Device test log,Photos/screenshots,No,[MUST HAVE],Low,1–2 h,2,iOS Safari quirks,Only using DevTools emulation,Client finds bugs on own phone,Yes,No — included in base price,No
AN-03,AN,Responsive Design,Touch targets and orientation,"Targets ≥24px (aim 44px), spacing, landscape orientation, zoom not disabled",Usability and WCAG 2.2 target size,QA,AN-02,QA,Checklist,Results,No,[MUST HAVE],Low,0.5 h,1,Mis-taps,Disabling pinch zoom,Frustration,Yes,No — included in base price,No
AO-01,AO,Cross-browser Testing,Browser support matrix,"Define supported browsers/versions in scope (latest 2 versions of Chrome, Edge, Firefox, Safari incl. iOS)",Limits testing scope,Scope,E-06,PM,Matrix,Scope doc,Yes,[MUST HAVE],Low,15 min,1,Client expects ancient browser support,Leaving undefined,Endless bug claims,Yes,No — included in base price,No
AO-02,AO,Cross-browser Testing,Cross-browser testing,Test key pages/flows in each matrix browser,Consistent experience,QA,AO-01,QA,Test log,Screenshots,No,[MUST HAVE],Medium,1–3 h,2,Safari-only bugs,Testing only Chrome,Broken for iPhone users,Yes,No — included in base price,No
AO-03,AO,Cross-browser Testing,Fix browser-specific issues,Resolve CSS/JS compatibility issues found,Consistency,QA,AO-02,FE,Fixes,Commits,No,[MUST HAVE],Medium,1–4 h,3,Hacks that break others,Browser sniffing,Inconsistent site,Yes,No — included in base price,No
AP-01,AP,QA,Tailor QA test plan,"Copy master QA checklist, remove non-applicable items, add project-specific flows","Right-sized, complete testing",QA,E-07,QA,Project QA checklist,Checklist file,No,[MUST HAVE],Low,0.5–1 h,1,Missed flows,Using generic checklist unchanged,Gaps,Yes,No — included in base price,No
AP-02,AP,QA,Functional testing,"Test every link, button, form, navigation, search/filter, login flows per checklist",Catch defects before client does,QA,AP-01,QA (not the builder where possible),Test results,Completed checklist + bug list,No,[MUST HAVE],Medium,2–6 h,5,Self-testing blind spots,Developer testing own work only,Client finds basic bugs,Yes,No — included in base price,No
AP-03,AP,QA,Content QA,"Spelling, grammar, phone numbers (tap-to-call works), emails, address, prices, hours, social links, legal pages present",Wrong contact info is costly,QA,P-05,Content/QA,Content QA sheet,Checklist,No,[MUST HAVE],Low,1–2 h,2,Wrong phone number live,Not checking against client source,Lost business,Yes,No — included in base price,Yes
AP-04,AP,QA,Regression testing,Re-run key checks after fixes and before launch,Fixes break other things,QA,AQ-02,QA,Regression record,Checklist,No,[MUST HAVE],Low,0.5–2 h,1,New bugs from fixes,Only retesting the fixed bug,Launch-day surprises,Yes,No — included in base price,Yes
AP-05,AP,QA,UAT preparation,"Prepare staging, test script and feedback template for client acceptance testing",Structured client testing,Review,AP-02,PM,UAT pack,Sent pack,No,[RECOMMENDED],Low,0.5–1 h,1,Unstructured feedback,Just sending a link,Chaotic feedback,Yes,No — included in base price,No
AQ-01,AQ,Bug Fixing,Bug triage,"Log each issue with steps, expected/actual, device, severity (blocker/major/minor/cosmetic), classify bug vs change",Prioritises and separates defects from new requests,QA,AP-02 or AR-02,PM/QA,Triaged bug list,Tracker entries,No,[MUST HAVE],Low,5 min/bug,1,Change requests disguised as bugs,Fixing without logging,Unpaid scope,Yes,No — included in base price,Yes
AQ-02,AQ,Bug Fixing,Fix bugs,Resolve bugs by priority with commit references,Quality,QA,AQ-01,FE/BE,Fixes,Commits linked to bug IDs,No,[MUST HAVE],Varies,Varies,1,Regressions,Unlinked commits,No traceability,Yes,No — included in base price,Yes
AQ-03,AQ,Bug Fixing,Verify and close bugs,Tester (ideally other partner) verifies on staging; closes with evidence,Independent verification,QA,AQ-02,QA,Closed bugs,Tracker status + screenshot,No,[MUST HAVE],Low,5–10 min/bug,1,False closes,Closing own bugs without check,Bugs reappear,Yes,No — included in base price,Yes
AR-01,AR,Client Review,Staging review walkthrough,"Walk client through staging site, how to give feedback, deadline for round",Guided review is faster,Review,AP-05,PM,Meeting notes,Meeting record,No,[RECOMMENDED],Low,0.5–1 h,1,Client reviews on wrong URL/cache,No deadline,Delays,Yes,No — included in base price,No
AR-02,AR,Client Review,Collect consolidated client feedback,"One list from decision-maker per round with page, issue, screenshot",Controls rounds,Review,AR-01,PM,Feedback list,Client doc/email,Yes,[MUST HAVE],Low,0.5 h,1,Drip feedback,Accepting WhatsApp voice notes as feedback,Lost items,Yes,No — included in base price,No
AR-03,AR,Client Review,Classify feedback,"Mark each item: bug (free), in-scope revision (counts toward round), change request (priced)",Fair and transparent,Review,AR-02,PM,Classified list,Doc sent to client,Yes,[MUST HAVE],Low,0.5–1 h,1,Client disagreement,Classifying silently,Scope disputes,Yes,No — included in base price,No
AS-01,AS,Revisions,Revision round 1,Implement in-scope revisions from round 1; send summary of changes,Delivers agreed refinements,Review,AR-03,FE/Design,Updated staging,Change summary + commits,Yes,[MUST HAVE],Medium,2–8 h,6,Scope sneaks in,Not listing what changed,Repeat requests,Yes,No — included in base price,No
AS-02,AS,Revisions,Revision round 2,Final in-scope round,Closure,Review,AS-01,FE/Design,Updated staging,Change summary,Yes,[RECOMMENDED],Low,1–4 h,3,Endless rounds,Allowing 'round 2.5',Unpaid work,Yes,No — included in base price,No
AS-03,AS,Revisions,Revision count notice,Tell client when included rounds are used and how further changes are billed,Transparency before extra charges,Review,AS-01,PM,Notice,Sent message,No,[MUST HAVE],Low,10 min,1,Surprise invoices,Billing without prior notice,Payment disputes,Yes,No — included in base price,No
AT-01,AT,Scope Changes,Log change request,"Record requested change: description, requester, date, reason, priority",Every change needs a record,Any,E-07,PM,CR entry,CR form,No,[MUST HAVE],Low,10–15 min,1,Verbal 'small' changes pile up,Just doing it,Unpaid work,Yes,No — included in base price,No
AT-02,AT,Scope Changes,Change impact assessment,"Estimate effort, cost, timeline and risk impact; note dependencies",Informed decision for client,Any,AT-01,PM/Dev,Impact note,CR form,No,[MUST HAVE],Low,0.5–1 h,1,Underestimating,Quoting on the spot,Losses,Yes,No — included in base price,No
AT-03,AT,Scope Changes,Change order approval and invoice,"Client approves CR in writing (price, timeline shift); add to invoice schedule",Converts requests into paid work,Any,AT-02,PM,Approved CR,Signed CR/email,Yes,[MUST HAVE],Low,15–30 min,1,Doing work before approval,No timeline adjustment,"Unpaid work, deadline disputes",Yes,Yes — separate line item,No
AU-01,AU,Deployment,CI/CD pipeline,Automated build/test/deploy from main branch to staging/prod (host-native or CI),"Repeatable, auditable deploys",Launch,J-04,DevOps,Pipeline,Pipeline run log,No,[RECOMMENDED],Medium,1–3 h,2,Secrets in pipeline logs,Manual FTP deploys,Error-prone deploys,Cond,No — included in base price,Yes
AU-02,AU,Deployment,Production build and environment variables,Set production env vars in host secret store; build with production settings,Correct configuration,Launch,W-02,DevOps,Prod config,Checklist (names only),No,[MUST HAVE],Low,0.5–1 h,1,Staging keys in prod,Pasting secrets into code,Broken or leaked integrations,Yes,No — included in base price,No
AU-03,AU,Deployment,Deploy to production,"Deploy tagged release; record version, time, deployer",Launch step,Launch,"AU-02, BA-01",DevOps,Live deployment,Deploy log + release tag,No,[MUST HAVE],Low,0.5–1 h,1,Deploying untested build,Deploying Friday night,Outage,Yes,No — included in base price,Yes
AU-04,AU,Deployment,Rollback plan,Documented and tested way to revert to previous release and restore DB,Recover quickly from bad deploys,Launch,AU-01,DevOps,Rollback doc,Doc + test note,No,[RECOMMENDED],Low,0.5–1 h,1,Long outage,No previous build retained,Extended downtime,Yes,No — included in base price,Yes
AV-01,AV,Domain,Domain registration or ownership confirmation,"Domain registered by client (their registrar account, client as registrant) or client confirms existing ownership; record expiry date",Whoever controls the domain controls the website,Launch,D-05,PM,Domain record,"WHOIS/registrar screenshot, invoice in client name",Yes,[MUST HAVE],Low,0.5–1 h,1,Developer-registered domain disputes,Registering in developer's name 'to save time',Client loses domain,Yes,No — included in base price,Yes
AV-02,AV,Domain,Registrar account security,"Client enables MFA, registrar lock, auto-renew, valid recovery email/phone",Domain hijack and expiry prevention,Launch,AV-01,Client + PM,Security checklist,Settings screenshots,Yes,[MUST HAVE],Low,0.5 h,1,"Expiry, hijack",Recovery email is developer's,Site goes offline,Yes,No — included in base price,Yes
AV-03,AV,Domain,Record renewal dates,"Record domain, SSL (if manual), hosting, licence renewals in register and reminders",Renewals are the most forgotten item,Launch,AV-01,PM,Renewal register,Register,No,[MUST HAVE],Low,15–30 min,1,Expired domain,Relying on memory,"Outage, domain loss",Yes,No — included in base price,Yes
AW-01,AW,DNS,DNS record inventory and plan,"Export current DNS (MX, TXT, SPF, DKIM, verification, subdomains) before changes; plan new records; lower TTL 24–48 h ahead",Avoid breaking email/other services,Launch,AV-01,DevOps,DNS plan + backup export,Export file,No,[MUST HAVE],Low,0.5–1 h,1,Deleting MX records,Changing nameservers without copying records,Email outage,Yes,No — included in base price,No
AW-02,AW,DNS,DNS cutover,Apply records (A/AAAA/CNAME) in client-controlled DNS,Point domain to new site,Launch,"AW-01, AU-03",DevOps,Updated DNS,Before/after lookup output,Yes,[MUST HAVE],Low,0.5 h,1,Downtime during propagation,Cutover at peak hours,Outage,Yes,No — included in base price,No
AW-03,AW,DNS,Propagation check and cleanup,Verify from multiple resolvers; restore normal TTL; remove obsolete records,Stable DNS,Launch,AW-02,DevOps,Clean DNS,Lookup outputs,No,[MUST HAVE],Low,0.5 h,1,Dangling records (subdomain takeover),Leaving old CNAMEs to deleted services,Security risk,Yes,No — included in base price,Yes
AX-01,AX,Hosting,Hosting selection and sizing,"Choose host by stack, traffic, region, backups, support, cost, renewal price",Reliability and cost,Development,L-04,DevOps,Hosting decision,ADR + price note,Yes,[MUST HAVE],Low,0.5–1 h,1,"Cheap first-year, expensive renewal",Ignoring renewal pricing,Surprise costs,Yes,No — included in base price,No
AX-02,AX,Hosting,Hosting account in client's name,Client creates account and billing; developer invited as member/collaborator,Client ownership and billing clarity,Launch,AX-01,Client + PM,Hosting account,"Invite email, billing screenshot",Yes,[MUST HAVE],Low,0.5 h,1,Developer card billed forever,Hosting under agency account,Lock-in disputes,Yes,No — included in base price,Yes
AX-03,AX,Hosting,Server hardening,"For VPS: OS updates, firewall, SSH keys only, no root login, fail2ban/equivalent, automatic security updates",Unmanaged servers get compromised,Launch,AX-01,DevOps,Hardening checklist,Checklist + config,No,[CONDITIONAL],High,3–8 h,8,Compromise,Password SSH login,Breach,Cond,Yes — separate line item,Yes
AY-01,AY,SSL/HTTPS,TLS certificate issuance and auto-renewal,Issue certificate (host-managed or ACME) for apex and www; confirm auto-renew,HTTPS required by browsers and users,Launch,AW-02,DevOps,Valid certificate,Browser/SSL check,No,[MUST HAVE],Low,0.5 h,1,Expired certificate,Manual certs without reminders,Browser warnings,Yes,No — included in base price,Yes
AY-02,AY,SSL/HTTPS,HTTPS and canonical host redirects,301 HTTP→HTTPS and non-canonical host (www or apex) to canonical; HSTS when stable,Single secure URL,Launch,AY-01,DevOps,Redirect rules,curl/redirect test output,No,[MUST HAVE],Low,0.5 h,1,Redirect loops,Mixed www/non-www,Duplicate content,Yes,No — included in base price,No
AY-03,AY,SSL/HTTPS,Mixed content check,Ensure all assets load over HTTPS,Avoid warnings/blocked assets,Launch,AY-02,QA,Check result,Console screenshot,No,[MUST HAVE],Low,0.25 h,1,Broken images/scripts,Hard-coded http:// URLs,Security warnings,Yes,No — included in base price,No
AZ-01,AZ,Production Environment,Production configuration review,"Debug off, correct env, logging level, error pages, timezone, email sender",Misconfiguration is OWASP A02,Launch,AU-02,DevOps,Review checklist,Checklist,No,[MUST HAVE],Low,0.5 h,1,Debug mode live,Copying dev config,Leaks,Yes,No — included in base price,No
AZ-02,AZ,Production Environment,Storage permissions,Buckets private by default; public only for public assets; signed URLs for private files,Prevents data exposure,Launch,W-08,DevOps,Storage config,Policy screenshot,No,[CONDITIONAL],Low,0.5 h,1,Public bucket leaks,Whole bucket public,Data breach,Cond,No — included in base price,Yes
AZ-03,AZ,Production Environment,Uptime monitoring,Monitor homepage and key endpoint; alerts to client and/or maintainer,Know about outages first,Launch,AU-03,DevOps,Monitor,Monitor screenshot,No,[RECOMMENDED],Low,0.25–0.5 h,1,Unnoticed downtime,Alerts only to developer after handover,Long outages,Cond,No — included in base price,Yes
AZ-04,AZ,Production Environment,Error monitoring,Capture frontend/backend errors with PII scrubbing,Detect bugs in production,Launch,AU-03,DevOps,Error monitoring,Dashboard screenshot,No,[OPTIONAL],Low,0.5–1 h,1,Capturing personal data,No scrubbing,Privacy issues,Cond,No — included in base price,Yes
BA-01,BA,Launch,Run pre-launch checklist,"Complete launch checklist (SEO, forms, analytics, legal pages, redirects, backups, robots)",Launch-day errors are public,Launch,"AP-04, AS-final",QA/PM,Completed checklist,Checklist file,No,[MUST HAVE],Low,1–2 h,2,Skipped items,Doing it from memory,Public mistakes,Yes,No — included in base price,No
BA-02,BA,Launch,Final approval and launch window,"Client gives written final approval; agree go-live date/time (avoid Friday evening, festivals)",Approval before public launch,Launch,BA-01,PM,Final approval + schedule,Signed approval/email,Yes,[MUST HAVE],Low,15–30 min,1,Launching unapproved,Verbal go-ahead,Disputes,Yes,No — included in base price,No
BA-03,BA,Launch,Go-live,Execute deploy + DNS cutover per plan; monitor,Launch,Launch,"BA-02, AU-03, AW-02",DevOps,Live website,Timestamped log,No,[MUST HAVE],Low,1–2 h,2,Downtime,No one monitoring after cutover,Extended outage,Yes,No — included in base price,No
BA-04,BA,Launch,Staging lockdown,Ensure staging remains password-protected/noindexed or is taken down,Avoid duplicate content and leaks,Launch,BA-03,DevOps,Staging status,Check result,No,[MUST HAVE],Low,0.25 h,1,Staging indexed,Forgetting staging,"SEO duplicate, leaks",Yes,No — included in base price,No
BA-05,BA,Launch,Launch announcement support,Draft announcement post/email/WhatsApp status for client,Drives initial traffic,Launch,BA-03,Content,Draft copy,File,Optional,[OPTIONAL],Low,0.5–1 h,1,Scope creep into marketing,Doing unpaid social media,Unpaid work,No,Yes — separate line item,No
BB-01,BB,Post-launch Testing,Production smoke test,"Test key pages, navigation, mobile view, HTTPS on live domain",Confirm live site works,Launch,BA-03,QA,Smoke test record,Checklist + screenshots,No,[MUST HAVE],Low,0.5–1 h,1,Env-specific failures,Testing only staging,Broken live site,Yes,No — included in base price,Yes
BB-02,BB,Post-launch Testing,"Live forms, emails and payments test",Real submissions and (if applicable) small live payment + refund on production,Integrations often differ in production,Launch,BB-01,QA,Test record,"Received emails, txn IDs",No,[MUST HAVE],Low,0.5–1 h,1,Silent failure,Assuming staging result applies,Lost leads/orders,Yes,No — included in base price,Yes
BB-03,BB,Post-launch Testing,Indexing check,"Submit sitemap, inspect homepage URL in Search Console, confirm no noindex",Get discovered,Launch,AI-11,Content,Check record,Screenshot,No,[MUST HAVE],Low,0.25–0.5 h,1,Site not indexed,Leftover noindex,Invisible site,Yes,No — included in base price,Yes
BB-04,BB,Post-launch Testing,Post-launch monitoring review,"Review errors, uptime, analytics, form deliveries, Search Console coverage over first 7–14 days",Early issue detection,Post-launch,BA-03,DevOps/QA,Review note,Note + screenshots,No,[RECOMMENDED],Low,1–2 h,2,Unnoticed issues,No review,Silent failures,Yes,No — included in base price,Yes
BC-01,BC,Handover,Prepare handover package,"Assemble docs, account register, licence register, design files, source code access, backups, maintenance options","Complete, organised transfer",Handover,BD-01..BD-04,PM,Handover package,Package folder,No,[MUST HAVE],Medium,2–4 h,4,Missing items,Handing over only a URL,Client dependent on you,Yes,No — included in base price,No
BC-02,BC,Handover,Handover meeting,"Walk through site, accounts, how to get help, what warranty covers, renewals",Shared understanding,Handover,BC-01,PM,Meeting notes,Meeting record,No,[MUST HAVE],Low,1–1.5 h,2,Misunderstanding responsibilities,No agenda,Support confusion,Yes,No — included in base price,No
BC-03,BC,Handover,Handover acknowledgement,Client signs acknowledgement listing items received and access confirmed,Evidence of completed delivery,Handover,BC-02,PM,Signed acknowledgement,Signed form,Yes,[MUST HAVE],Low,15–30 min,1,Later claims of non-delivery,No signed record,Disputes,Yes,No — included in base price,No
BD-01,BD,Documentation,Technical README,"Setup, build, deploy steps, env var names (not values), architecture, dependencies, known issues",Maintainability by anyone,Handover,V-01,FE/BE,README,Repo file,No,[MUST HAVE],Medium,1–3 h,2,Secrets in docs,Writing it at the last minute,Lock-in,Yes,No — included in base price,Yes
BD-02,BD,Documentation,Client user guide,"How to edit content, add images, manage forms/leads, common tasks with screenshots",Client independence,Handover,AD-04,Content,User guide,File,No,[RECOMMENDED],Low,1–3 h,2,Outdated guide,Too technical,Constant support calls,Yes,No — included in base price,No
BD-03,BD,Documentation,Account and asset register,"Every account/service: owner, URL, purpose, who has access, renewal date, cost, where credentials are stored (not the credentials)",Master ownership record,Handover,D-05,PM,Register,Register file,Yes,[MUST HAVE],Low,1–2 h,2,Missing services,Including passwords in the register,Lost control,Yes,No — included in base price,Yes
BD-04,BD,Documentation,Third-party licence register,"List fonts, images, icons, themes, plugins, libraries with licence type, licensee, proof, renewal",Licence compliance and transfer,Handover,"O-04, AD-05, V-03",PM,Licence register,Register + licence files,No,[MUST HAVE],Low,1–2 h,2,Licence in developer's name,Not recording licensee,Infringement,Yes,No — included in base price,Yes
BE-01,BE,Training,CMS/admin training session,Live training on content edits and admin tasks; record with consent,Client self-sufficiency,Handover,BD-02,Content/FE,Recording + notes,Recording link,No,[RECOMMENDED],Low,1–2 h,2,Forgotten training,No recording,Support load,Cond,No — included in base price,No
BE-02,BE,Training,Training follow-up,Answer follow-up questions within agreed window,Adoption,Handover,BE-01,Either,Q&A log,Messages,No,[OPTIONAL],Low,0.5–1 h,1,Endless free training,No window defined,Unpaid support,Cond,No — included in base price,No
BF-01,BF,Final Payment,Final invoice,"Invoice remaining balance plus approved change orders, less advance",Close finances,Handover,BA-02,PM,Final invoice,Invoice file,No,[MUST HAVE],Low,15–30 min,1,Missed change orders,Forgetting CRs,Revenue loss,Yes,No — included in base price,No
BF-02,BF,Final Payment,Final payment confirmation,"Confirm bank credit, issue receipt, update ledger",Trigger for ownership transfer,Handover,BF-01,PM,Receipt,Bank ref + receipt,No,[MUST HAVE],Low,15 min,1,Transferring before payment,Accepting screenshots,Unpaid project,Yes,No — included in base price,No
BF-03,BF,Final Payment,Collect TDS certificate,Request TDS certificate for amounts deducted; reconcile with AIS/26AS,Claim tax credit,Closure,I-04,PM,Certificate,File,No,[CONDITIONAL],Low,15 min,1,Lost credit,Not following up,Tax loss,Cond,No — included in base price,No
BG-01,BG,Ownership Transfer,Domain control confirmation,"Confirm client is registrant and sole account holder; developer removed from registrar; if transfer needed, initiate with auth code (TAC/EPP) securely",Domain = control of website,Ownership,BF-02,PM + Client,Confirmation,WHOIS/RDAP + registrar screenshots,Yes,[MUST HAVE],Low,0.5–2 h,1,Transfer locks delay,Sending auth code over chat,Client can't control site,Yes,No — included in base price,No
BG-02,BG,Ownership Transfer,Hosting/cloud ownership transfer,Transfer project/team ownership or confirm client-owned account; downgrade/remove developer access,Control of runtime and billing,Ownership,BF-02,DevOps + Client,Transferred account,Owner screenshot,Yes,[MUST HAVE],Low,0.5–2 h,1,Billing still on developer card,Forgetting billing transfer,Lock-in,Yes,No — included in base price,No
BG-03,BG,Ownership Transfer,Repository transfer,Transfer repo to client org/account or deliver full archive; confirm client admin; remove developer collaborator if not maintaining,Client owns source code,Ownership,"BF-02, BD-01",FE/BE,Transferred repo,Repo settings screenshot,Yes,[MUST HAVE],Low,0.5–1 h,1,Developer auto-retained as collaborator,Assuming transfer removes access,Unintended developer access,Yes,No — included in base price,No
BG-04,BG,Ownership Transfer,Analytics and Search Console ownership,Confirm client is GA Administrator and verified Search Console owner; remove developer tokens/access or downgrade,Data control,Ownership,BF-02,DevOps,Ownership confirmation,Access screenshots,Yes,[MUST HAVE],Low,0.5 h,1,Developer tokens left re-verify access,Removing user but not verification token,Lingering access,Yes,No — included in base price,No
BG-05,BG,Ownership Transfer,Third-party accounts transfer,"For each service in register: confirm client owner, billing, API key ownership; transfer anything created by developer",Complete independence,Ownership,BD-03,PM,Updated register,Register with 'transferred' status,Yes,[MUST HAVE],Medium,1–3 h,2,Forgotten service,"Ignoring 'small' services (SMTP, maps)",Outages later,Yes,No — included in base price,No
BG-06,BG,Ownership Transfer,Credential rotation,"Rotate all passwords/keys the developer knew: admin, DB, SMTP, API keys, webhooks secrets; update env vars; test",Removes residual developer knowledge,Ownership,BG-01..BG-05,DevOps + Client,Rotation checklist,Checklist with dates (no secrets),Yes,[MUST HAVE],Medium,1–3 h,2,Breaking integrations,Rotating without updating env vars,Outage,Yes,No — included in base price,No
BG-07,BG,Ownership Transfer,Developer access removal or downgrade,Remove or reduce developer access per maintenance agreement; document what remains and why,Least privilege,Ownership,BG-06,PM,Access record,Access list screenshots,Yes,[MUST HAVE],Low,0.5–1 h,1,Unintended access,Forgetting CMS/hosting users,Liability,Yes,No — included in base price,No
BG-08,BG,Ownership Transfer,Execute copyright assignment/licence,"Sign assignment for commissioned deliverables (specifying work, rights, duration, territory, consideration) and licence for pre-existing/reusable components",Indian law requires written signed assignment,Ownership,BF-02,PM,Signed assignment,Signed document,Yes,[MUST HAVE],Low,0.5–1 h,1,Defaults (5 years/India only) apply if silent,Relying on invoice or chat,Ownership dispute,Yes,No — included in base price,No
BG-09,BG,Ownership Transfer,Ownership transfer confirmation,Client signs checklist confirming each item transferred and tested,Closes ownership questions,Ownership,BG-01..BG-08,PM,Signed confirmation,Signed form,Yes,[MUST HAVE],Low,15–30 min,1,Later disputes,No evidence,Disputes,Yes,No — included in base price,No
BH-01,BH,Maintenance,Maintenance agreement proposal,"Offer AMC tiers: updates, backups, monitoring, content edit hours, response times, exclusions, price; separate contract",Maintenance is recurring revenue and clarifies post-launch duties,Handover,BC-02,PM,AMC proposal/agreement,Signed AMC or declined note,Yes,[RECOMMENDED],Low,1–2 h,2,Implied free lifetime support,No written AMC,Unpaid support forever,Yes,Yes — separate line item,Yes
BH-02,BH,Maintenance,Monthly updates,"Update dependencies/CMS/plugins on staging, test, deploy",Unpatched sites get hacked,Maintenance,BH-01,FE/BE,Update log,Changelog + commits,No,[POST-LAUNCH],Medium,1–3 h/month,2,Update breaks site,Updating directly in production,Outage or compromise,No,Yes — separate line item,Yes
BH-03,BH,Maintenance,Backup verification,Confirm backups ran; quarterly test restore,Backups fail silently,Maintenance,X-07,DevOps,Backup log,Screenshot/log,No,[POST-LAUNCH],Low,0.5 h/month,1,Unrecoverable data,Never testing restores,Data loss,No,Yes — separate line item,Yes
BH-04,BH,Maintenance,Monitoring review,"Review uptime, errors, security alerts, form delivery",Early detection,Maintenance,AZ-03,DevOps,Monthly note,Report,No,[POST-LAUNCH],Low,0.5–1 h/month,1,Unnoticed failures,Alerts to nobody,Outages,No,Yes — separate line item,Yes
BH-05,BH,Maintenance,Renewal reminders,"Remind client 30/14/7 days before domain, hosting, licence renewals",Prevents expiry,Maintenance,AV-03,PM,Reminder log,Messages,No,[POST-LAUNCH],Low,10 min/month,1,Expired domain,Relying on registrar emails to old addresses,Outage,Yes,No — included in base price,Yes
BH-06,BH,Maintenance,Monthly maintenance report,"Summary: updates, uptime, backups, issues, hours used, recommendations",Demonstrates value; supports renewal,Maintenance,BH-02..BH-04,PM,Report,Sent report,No,[POST-LAUNCH],Low,0.5–1 h/month,1,Client doubts value,No reporting,AMC cancellation,No,Yes — separate line item,Yes
BI-01,BI,Support,Warranty/defect period support,"Fix defects reported within warranty window (e.g., 30 days) that are genuine bugs in delivered work",Professional standard; contractual,Post-launch,BA-03,FE/BE,Fix log,Tickets + commits,No,[MUST HAVE],Varies,Varies,1,Warranty used for new features,Undefined warranty scope,Unpaid work,Yes,No — included in base price,Yes
BI-02,BI,Support,Support ticket handling,"Log requests, classify (defect/AMC/billable), respond within agreed times",Organised support,Post-launch,BH-01,Either,Ticket log,Tickets,No,[POST-LAUNCH],Low,Varies,1,Chaotic WhatsApp support,No classification,Unpaid work,No,Conditional — depends on scope,Yes
BI-03,BI,Support,Small content edits,Content edits within AMC hours; beyond that billed,Common request,Post-launch,BH-01,Content,Edit log,Tickets,No,[POST-LAUNCH],Low,0.25–1 h each,1,Hours creep,Not logging time,Unpaid work,No,Conditional — depends on scope,Yes
BJ-01,BJ,Project Closure,Project retrospective,"Partners review estimate vs actual, what went well/badly, update templates and default points",Continuous improvement,Closure,BG-09,Either (both),Retro notes,Notes,No,[RECOMMENDED],Low,1 h,1,Repeating mistakes,Skipping when busy,Same losses repeat,Yes,No — included in base price,No
BJ-02,BJ,Project Closure,Final contribution calculation and sign-off,"Freeze tasks/points, resolve open disputes, both partners approve contribution percentages",Fair split; prevents post-project manipulation,Closure,BJ-01,Either (both),Contribution statement,App lock + both approvals,No,[MUST HAVE],Low,0.5–1 h,1,Disputes,Editing points after payment,Partnership conflict,Yes,No — included in base price,No
BJ-03,BJ,Project Closure,Profit distribution record,"Calculate net profit (revenue − expenses − reserves − taxes set aside), distribute per statement, record payments",Transparent money flow,Closure,"BJ-02, BF-02",PM,Distribution record,Bank refs,No,[MUST HAVE],Low,0.5–1 h,1,Tax mistakes,Distributing gross receipts,Cash shortfall,Yes,No — included in base price,No
BJ-04,BJ,Project Closure,Archive project records,"Archive contract, approvals, invoices, CRs, handover docs, evidence per retention policy",Legal/tax retention and dispute defence,Closure,BJ-03,PM,Archive,Archive location record,No,[MUST HAVE],Low,0.5–1 h,1,Evidence lost,Keeping only in chats,No defence in disputes,Yes,No — included in base price,No
BJ-05,BJ,Project Closure,Testimonial and portfolio permission,Request testimonial/review and written permission to show the work,Marketing; portfolio rights clarity,Closure,BG-09,Sales,Testimonial + permission,Email/message,Optional,[RECOMMENDED],Low,15–30 min,1,Using work without permission,Assuming right to showcase,Client objection,Yes,No — included in base price,No
BJ-06,BJ,Project Closure,Close project and revoke internal access,"Close tasks, archive board, remove temporary accounts/vault items no longer needed",Security and tidiness,Closure,BJ-04,PM,Closed project,App status,No,[MUST HAVE],Low,0.5 h,1,Stale credentials,Leaving vault items forever,Security risk,Yes,No — included in base price,No
BK-01,BK,Legal & Compliance Pages (added),Privacy notice (client-owned),"Obtain privacy notice from client (ideally lawyer-reviewed) covering what forms/analytics collect, purposes, contact; publish and link",Personal data is collected via forms/analytics; DPDP notice obligations fully apply from May 2027,Content,AB-01,Client + PM,Published notice,Page URL + client approval,Yes,[MUST HAVE],Low,0.5–1 h (dev),1,Developer-authored legal text treated as advice,Copying another company's policy,Non-compliance,Yes,No — included in base price,Yes
BK-02,BK,Legal & Compliance Pages (added),Terms of use (client-owned),Publish client-provided website terms,Sets rules for site use,Content,P-05,Client + PM,Published terms,Page URL,Yes,[RECOMMENDED],Low,0.5 h (dev),1,Inaccurate terms,Generic templates,Weak protection,Cond,No — included in base price,No
BK-03,BK,Legal & Compliance Pages (added),Cookie/tracker notice,Explain cookies/trackers used; link from consent banner,Transparency,Content,V-23,Client + PM,Notice section,Page URL,Yes,[CONDITIONAL],Low,0.5 h,1,Undisclosed trackers,Listing trackers not used or omitting used ones,Complaints,Cond,No — included in base price,Yes
BK-04,BK,Legal & Compliance Pages (added),"Refund, cancellation and shipping policies",Publish client-provided policies for e-commerce/paid bookings; link at checkout,E-commerce rules require clear return/refund/delivery info; gateways also require them,Content,AF-01 or AG-01,Client + PM,Policy pages,URLs,Yes,[CONDITIONAL],Low,0.5–1 h,1,Gateway activation blocked,Missing policies,Non-compliance,Cond,No — included in base price,Yes
BK-05,BK,Legal & Compliance Pages (added),Contact and grievance details,"Display business legal name, address, contact channels; grievance officer where required",Trust; required for e-commerce entities,Content,P-05,Client + PM,Contact details,Screenshot,Yes,[MUST HAVE],Low,0.25 h,1,Wrong details,Personal numbers of staff,Complaints,Yes,No — included in base price,Yes
BL-01,BL,Backup & Recovery (added),Backup policy and schedule,"Define what (files, DB, CMS uploads), how often, retention, where (separate account/region), who restores",Recovery planning,Launch,X-07,DevOps,Backup policy,Doc,Yes,[MUST HAVE],Low,0.5–1 h,1,Backups on same server,Only host snapshots,Data loss,Yes,No — included in base price,Yes
BL-02,BL,Backup & Recovery (added),Off-site/second copy,"Keep a copy outside the primary host, owned by client",Host failure/account lockout,Launch,BL-01,DevOps,Off-site backup,Log,No,[RECOMMENDED],Low,0.5–1 h,1,Copy in developer's personal drive,Storing client data personally,Privacy/ownership issues,Cond,Conditional — depends on scope,Yes
BL-03,BL,Backup & Recovery (added),Restore drill,Restore to a test environment and verify site works,Proves recoverability,Launch,BL-01,DevOps,Drill report,Report,No,[RECOMMENDED],Medium,1–2 h,2,Untestable backups,Never tested,Unrecoverable,Cond,No — included in base price,Yes
BM-01,BM,Localisation (added),Language strategy,"Decide languages, URL structure (subfolders), language switcher, hreflang, who translates",Multilingual SEO and UX,Requirements,E-03,PM,Strategy,Doc,Yes,[CONDITIONAL],Low,0.5–1 h,1,Auto-translate widgets,Mixed-language pages,Poor UX/SEO,Cond,Yes — separate line item,No
BM-02,BM,Localisation (added),Implement internationalisation,"Translation files/CMS fields, hreflang, lang attributes, Indic font support",Correct rendering of Indian scripts,Development,BM-01,FE,i18n implementation,Commits,No,[CONDITIONAL],Medium,3–8 h,7,Broken Indic rendering,Missing lang attribute,Accessibility/SEO issues,Cond,Yes — separate line item,Yes
BM-03,BM,Localisation (added),Translation QA,Native speaker reviews rendered pages,Quality,QA,BM-02,Content,QA notes,Checklist,Yes,[CONDITIONAL],Low,1–2 h,2,Embarrassing errors,"Reviewing text only, not rendered",Poor brand image,Cond,Yes — separate line item,No
BN-01,BN,Internal Finance & Tax Admin (added),Project P&L sheet,"Track revenue, GST collected (if registered), TDS, expenses, reserves, net profit",Basis for profit split and taxes,Throughout,I-01,PM,P&L,Sheet,No,[MUST HAVE],Low,0.5 h/month,1,Distributing tax money,Mixing personal and business accounts,"Tax trouble, disputes",Yes,No — included in base price,No
BN-02,BN,Internal Finance & Tax Admin (added),Tax records and CA handoff,"Provide invoices, expenses, TDS data to CA for GST returns/income tax as applicable",Compliance,Throughout,I-01..I-06,PM,CA pack,Sent pack,No,[CONDITIONAL],Low,0.5–1 h/month,1,Late filing penalties,Last-minute scramble,Penalties,Yes,No — included in base price,No
BN-03,BN,Internal Finance & Tax Admin (added),Partner expense reimbursement,Reimburse partner-paid business expenses against bills before profit split,Fairness,Closure,I-06,PM,Reimbursement record,Bank refs,No,[MUST HAVE],Low,15 min,1,Double counting,Counting expense as both reimbursement and contribution,Disputes,Yes,No — included in base price,No
BO-01,BO,Partner Governance (added),Contribution dispute review,Structured review of disputed task claims using evidence; decide per dispute rules,Keeps partnership healthy,Closure,BJ-02,Either (both),Dispute decision,Dispute record,No,[CONDITIONAL],Low,0.5–2 h,1,Resentment,Debating without evidence,Partnership breakdown,Cond,No — included in base price,No
BO-02,BO,Partner Governance (added),Points calibration review,Quarterly compare points vs actual effort across projects; adjust defaults going forward only,Keeps defaults realistic,"Business-level, quarterly",BJ-01,Either (both),Updated defaults,Changelog of defaults,No,[RECOMMENDED],Low,1–2 h,1,Retroactive changes,Changing past projects,Distrust,No,No — included in base price,No
